-- MySQL dump 10.13  Distrib 8.0.33, for Linux (x86_64)
--
-- Host: localhost    Database: graph_backups
-- ------------------------------------------------------
-- Server version	8.0.33-0ubuntu0.20.04.2

/*!40101 SET @OLD_CHARACTER_SET_CLIENT=@@CHARACTER_SET_CLIENT */;
/*!40101 SET @OLD_CHARACTER_SET_RESULTS=@@CHARACTER_SET_RESULTS */;
/*!40101 SET @OLD_COLLATION_CONNECTION=@@COLLATION_CONNECTION */;
/*!50503 SET NAMES utf8mb4 */;
/*!40103 SET @OLD_TIME_ZONE=@@TIME_ZONE */;
/*!40103 SET TIME_ZONE='+00:00' */;
/*!40014 SET @OLD_UNIQUE_CHECKS=@@UNIQUE_CHECKS, UNIQUE_CHECKS=0 */;
/*!40014 SET @OLD_FOREIGN_KEY_CHECKS=@@FOREIGN_KEY_CHECKS, FOREIGN_KEY_CHECKS=0 */;
/*!40101 SET @OLD_SQL_MODE=@@SQL_MODE, SQL_MODE='NO_AUTO_VALUE_ON_ZERO' */;
/*!40111 SET @OLD_SQL_NOTES=@@SQL_NOTES, SQL_NOTES=0 */;

--
-- Table structure for table `drive_files`
--

DROP TABLE IF EXISTS `drive_files`;
/*!40101 SET @saved_cs_client     = @@character_set_client */;
/*!50503 SET character_set_client = utf8mb4 */;
CREATE TABLE `drive_files` (
  `id` varchar(100) COLLATE utf8mb4_general_ci NOT NULL,
  `folder_id` varchar(100) CHARACTER SET utf8mb4 COLLATE utf8mb4_general_ci NOT NULL,
  `name` varchar(250) COLLATE utf8mb4_general_ci NOT NULL,
  `created_date_time` timestamp NOT NULL,
  `web_url` varchar(500) COLLATE utf8mb4_general_ci NOT NULL DEFAULT '',
  `download_url` varchar(1500) CHARACTER SET utf8mb4 COLLATE utf8mb4_general_ci DEFAULT NULL,
  `size` double NOT NULL DEFAULT '0',
  PRIMARY KEY (`id`,`folder_id`) USING BTREE
) ENGINE=InnoDB DEFAULT CHARSET=utf8mb4 COLLATE=utf8mb4_general_ci;
/*!40101 SET character_set_client = @saved_cs_client */;

--
-- Dumping data for table `drive_files`
--

LOCK TABLES `drive_files` WRITE;
/*!40000 ALTER TABLE `drive_files` DISABLE KEYS */;
INSERT INTO `drive_files` VALUES ('0167YEQWA2AWDFRTGGL5CKEW3NAO4ZGRU2','0167YEQWBHMXJPKZT7YZFJQAI76PHKJ6D7','nimeconfirmplus_2023-03-15_113001.sql.gz','2023-06-06 06:10:17','https://cihebkenyaorg.sharepoint.com/sites/HealthInformatics-SYSTEMBACKUP/Shared%20Documents/SYSTEM%20BACKUP/EVENT%20MANAGER/CONNECT/KenyaEMR/BHESP/nimeconfirmplus_2023-03-15_113001.sql.gz','https://cihebkenyaorg.sharepoint.com/sites/HealthInformatics-SYSTEMBACKUP/_layouts/15/download.aspx?UniqueId=5886051a-c6cc-445f-a25b-6d03b993469a&Translate=false&tempauth=eyJ0eXAiOiJKV1QiLCJhbGciOiJIUzI1NiJ9.eyJhdWQiOiIwMDAwMDAwMy0wMDAwLTBmZjEtY2UwMC0wMDAwMDAwMDAwMDAvY2loZWJrZW55YW9yZy5zaGFyZXBvaW50LmNvbUAxYzE3NzcwZS1hMjY5LTQ1MTctYjI5Ni1jNzFlODQxOTY0NTQiLCJpc3MiOiIwMDAwMDAwMy0wMDAwLTBmZjEtY2UwMC0wMDAwMDAwMDAwMDAiLCJuYmYiOiIxNjg2MDQyNjE2IiwiZXhwIjoiMTY4NjA0NjIxNiIsImVuZHBvaW50dXJsIjoieXI3TnVOUFFXOGk2d1B3OEtweGRScnp6Tld1Y3BVdHg4bnVyd1E5VGx5bz0iLCJlbmRwb2ludHVybExlbmd0aCI6IjE2MSIsImlzbG9vcGJhY2siOiJUcnVlIiwiY2lkIjoid3BpU1g1R1ArRXVmSnQ3UkdTaWdPZz09IiwidmVyIjoiaGFzaGVkcHJvb2Z0b2tlbiIsInNpdGVpZCI6IlptRTVaakZqWkRNdE5UTmpZeTAwWVRreUxUZzFOMkV0TldWbFptWmlZVEE0TnpSaSIsImFwcF9kaXNwbGF5bmFtZSI6IlNZU1RFTSBCQUNLVVAiLCJuYW1laWQiOiIzOTFlNTVjZC01Mjg3LTRlMjMtOWM4ZC00ZDY5MTc5NDRkMTJAMWMxNzc3MGUtYTI2OS00NTE3LWIyOTYtYzcxZTg0MTk2NDU0Iiwicm9sZXMiOiJhbGxzaXRlcy5yZWFkIGFsbHNpdGVzLndyaXRlIGFsbHNpdGVzLm1hbmFnZSBhbGxmaWxlcy53cml0ZSBhbGxmaWxlcy5yZWFkIiwidHQiOiIxIiwiaXBhZGRyIjoiMjAuMTkwLjE5MC4zMyJ9.x7ckY_z95NzbGy3RXRp1-_AdhtKQNRBidBqN0dmifTk&ApiVersion=2.0',24298229),('0167YEQWA4V6VKG6QGL5DKXTP52PBZ2DLK','0167YEQWC32NUYASTCWREYKXIJHDRGC2OI','openmrs_2023-06-01_150002.sql.gz','2023-06-01 12:02:08','https://cihebkenyaorg.sharepoint.com/sites/HealthInformatics-SYSTEMBACKUP/Shared%20Documents/SYSTEM%20BACKUP/EVENT%20MANAGER/CONNECT/KenyaEMR/BABADOGO_HC/openmrs_2023-06-01_150002.sql.gz','https://cihebkenyaorg.sharepoint.com/sites/HealthInformatics-SYSTEMBACKUP/_layouts/15/download.aspx?UniqueId=a3aaaf1c-067a-465f-abcd-fdd3c39d0d6a&Translate=false&tempauth=eyJ0eXAiOiJKV1QiLCJhbGciOiJIUzI1NiJ9.eyJhdWQiOiIwMDAwMDAwMy0wMDAwLTBmZjEtY2UwMC0wMDAwMDAwMDAwMDAvY2loZWJrZW55YW9yZy5zaGFyZXBvaW50LmNvbUAxYzE3NzcwZS1hMjY5LTQ1MTctYjI5Ni1jNzFlODQxOTY0NTQiLCJpc3MiOiIwMDAwMDAwMy0wMDAwLTBmZjEtY2UwMC0wMDAwMDAwMDAwMDAiLCJuYmYiOiIxNjg1OTU4NTQzIiwiZXhwIjoiMTY4NTk2MjE0MyIsImVuZHBvaW50dXJsIjoiT0hPQ1B2TnFwMEJYTENva2RSSkNqcUhRVUFWQzdVNUdlc3BBRGorMStCYz0iLCJlbmRwb2ludHVybExlbmd0aCI6IjE2MSIsImlzbG9vcGJhY2siOiJUcnVlIiwiY2lkIjoiaDhmZWUvQnRiVTJ6QTk1NzZnSUlpQT09IiwidmVyIjoiaGFzaGVkcHJvb2Z0b2tlbiIsInNpdGVpZCI6IlptRTVaakZqWkRNdE5UTmpZeTAwWVRreUxUZzFOMkV0TldWbFptWmlZVEE0TnpSaSIsImFwcF9kaXNwbGF5bmFtZSI6IlNZU1RFTSBCQUNLVVAiLCJuYW1laWQiOiIzOTFlNTVjZC01Mjg3LTRlMjMtOWM4ZC00ZDY5MTc5NDRkMTJAMWMxNzc3MGUtYTI2OS00NTE3LWIyOTYtYzcxZTg0MTk2NDU0Iiwicm9sZXMiOiJhbGxzaXRlcy5yZWFkIGFsbHNpdGVzLndyaXRlIGFsbHNpdGVzLm1hbmFnZSBhbGxmaWxlcy53cml0ZSBhbGxmaWxlcy5yZWFkIiwidHQiOiIxIiwiaXBhZGRyIjoiMjAuMTkwLjE5MC4zMiJ9.FTOFCpmrYZ3koJp2Scz4AJ1R2npQhTTKO7QuO_khAig&ApiVersion=2.0',110150127),('0167YEQWAGL7V2RWYTJBEZ6VXYUHOJEOCA','0167YEQWBWKTCQ5YLVIFCYTDJ73DEVDWKM','openmrs_2023-05-21_140002.sql.gz','2023-05-21 11:28:14','https://cihebkenyaorg.sharepoint.com/sites/HealthInformatics-SYSTEMBACKUP/Shared%20Documents/SYSTEM%20BACKUP/EVENT%20MANAGER/CONNECT/KenyaEMR/EASTLEIGH_HC/openmrs_2023-05-21_140002.sql.gz','https://cihebkenyaorg.sharepoint.com/sites/HealthInformatics-SYSTEMBACKUP/_layouts/15/download.aspx?UniqueId=a8eb5f06-13db-4948-9f56-f8a1dc923840&Translate=false&tempauth=eyJ0eXAiOiJKV1QiLCJhbGciOiJIUzI1NiJ9.eyJhdWQiOiIwMDAwMDAwMy0wMDAwLTBmZjEtY2UwMC0wMDAwMDAwMDAwMDAvY2loZWJrZW55YW9yZy5zaGFyZXBvaW50LmNvbUAxYzE3NzcwZS1hMjY5LTQ1MTctYjI5Ni1jNzFlODQxOTY0NTQiLCJpc3MiOiIwMDAwMDAwMy0wMDAwLTBmZjEtY2UwMC0wMDAwMDAwMDAwMDAiLCJuYmYiOiIxNjg1OTU4NTM2IiwiZXhwIjoiMTY4NTk2MjEzNiIsImVuZHBvaW50dXJsIjoiY1kwaVlTcWZXdjZRMHJheWhhRVpRTWk3WUxLUXFYaGpjZGZoMms1TXFsQT0iLCJlbmRwb2ludHVybExlbmd0aCI6IjE2MSIsImlzbG9vcGJhY2siOiJUcnVlIiwiY2lkIjoiSno1WXFDTkRGVTZibjFOR0xOZ0Qrdz09IiwidmVyIjoiaGFzaGVkcHJvb2Z0b2tlbiIsInNpdGVpZCI6IlptRTVaakZqWkRNdE5UTmpZeTAwWVRreUxUZzFOMkV0TldWbFptWmlZVEE0TnpSaSIsImFwcF9kaXNwbGF5bmFtZSI6IlNZU1RFTSBCQUNLVVAiLCJuYW1laWQiOiIzOTFlNTVjZC01Mjg3LTRlMjMtOWM4ZC00ZDY5MTc5NDRkMTJAMWMxNzc3MGUtYTI2OS00NTE3LWIyOTYtYzcxZTg0MTk2NDU0Iiwicm9sZXMiOiJhbGxzaXRlcy5yZWFkIGFsbHNpdGVzLndyaXRlIGFsbHNpdGVzLm1hbmFnZSBhbGxmaWxlcy53cml0ZSBhbGxmaWxlcy5yZWFkIiwidHQiOiIxIiwiaXBhZGRyIjoiMjAuMTkwLjE5MC4zMiJ9.ByD8bgK_NZlxcTTfu7ky9c9HYoIyluTTHMM3LgW1RT0&ApiVersion=2.0',58681999),('0167YEQWAM4LC2J5KO6RHL4IOA5NMVUZJP','0167YEQWC32NUYASTCWREYKXIJHDRGC2OI','openmrs_2023-05-25_150004.sql.gz','2023-05-25 12:02:35','https://cihebkenyaorg.sharepoint.com/sites/HealthInformatics-SYSTEMBACKUP/Shared%20Documents/SYSTEM%20BACKUP/EVENT%20MANAGER/CONNECT/KenyaEMR/BABADOGO_HC/openmrs_2023-05-25_150004.sql.gz','https://cihebkenyaorg.sharepoint.com/sites/HealthInformatics-SYSTEMBACKUP/_layouts/15/download.aspx?UniqueId=a4c5e20c-4ef5-4ef4-be21-c0eb595a652f&Translate=false&tempauth=eyJ0eXAiOiJKV1QiLCJhbGciOiJIUzI1NiJ9.eyJhdWQiOiIwMDAwMDAwMy0wMDAwLTBmZjEtY2UwMC0wMDAwMDAwMDAwMDAvY2loZWJrZW55YW9yZy5zaGFyZXBvaW50LmNvbUAxYzE3NzcwZS1hMjY5LTQ1MTctYjI5Ni1jNzFlODQxOTY0NTQiLCJpc3MiOiIwMDAwMDAwMy0wMDAwLTBmZjEtY2UwMC0wMDAwMDAwMDAwMDAiLCJuYmYiOiIxNjg1OTU4NTQzIiwiZXhwIjoiMTY4NTk2MjE0MyIsImVuZHBvaW50dXJsIjoiYUpBdVd4cXNhWnU2TU9DekUrcVNkUzVkQVZFc3A0RHhLZzEzR2NCYXkxMD0iLCJlbmRwb2ludHVybExlbmd0aCI6IjE2MSIsImlzbG9vcGJhY2siOiJUcnVlIiwiY2lkIjoiaDhmZWUvQnRiVTJ6QTk1NzZnSUlpQT09IiwidmVyIjoiaGFzaGVkcHJvb2Z0b2tlbiIsInNpdGVpZCI6IlptRTVaakZqWkRNdE5UTmpZeTAwWVRreUxUZzFOMkV0TldWbFptWmlZVEE0TnpSaSIsImFwcF9kaXNwbGF5bmFtZSI6IlNZU1RFTSBCQUNLVVAiLCJuYW1laWQiOiIzOTFlNTVjZC01Mjg3LTRlMjMtOWM4ZC00ZDY5MTc5NDRkMTJAMWMxNzc3MGUtYTI2OS00NTE3LWIyOTYtYzcxZTg0MTk2NDU0Iiwicm9sZXMiOiJhbGxzaXRlcy5yZWFkIGFsbHNpdGVzLndyaXRlIGFsbHNpdGVzLm1hbmFnZSBhbGxmaWxlcy53cml0ZSBhbGxmaWxlcy5yZWFkIiwidHQiOiIxIiwiaXBhZGRyIjoiMjAuMTkwLjE5MC4zMiJ9.EuHuj8mL0lBGPObvqyK1ltnvxBgtacAI_AA5Y5BXing&ApiVersion=2.0',108995244),('0167YEQWAMJ5NLR6BIRJC2NKNH6J5ZNWJP','0167YEQWC32NUYASTCWREYKXIJHDRGC2OI','openmrs_2023-05-27_150003.sql.gz','2023-05-27 12:02:17','https://cihebkenyaorg.sharepoint.com/sites/HealthInformatics-SYSTEMBACKUP/Shared%20Documents/SYSTEM%20BACKUP/EVENT%20MANAGER/CONNECT/KenyaEMR/BABADOGO_HC/openmrs_2023-05-27_150003.sql.gz','https://cihebkenyaorg.sharepoint.com/sites/HealthInformatics-SYSTEMBACKUP/_layouts/15/download.aspx?UniqueId=b85a4f0c-28f8-458a-a6a9-a7f27b96d92f&Translate=false&tempauth=eyJ0eXAiOiJKV1QiLCJhbGciOiJIUzI1NiJ9.eyJhdWQiOiIwMDAwMDAwMy0wMDAwLTBmZjEtY2UwMC0wMDAwMDAwMDAwMDAvY2loZWJrZW55YW9yZy5zaGFyZXBvaW50LmNvbUAxYzE3NzcwZS1hMjY5LTQ1MTctYjI5Ni1jNzFlODQxOTY0NTQiLCJpc3MiOiIwMDAwMDAwMy0wMDAwLTBmZjEtY2UwMC0wMDAwMDAwMDAwMDAiLCJuYmYiOiIxNjg1OTU4NTQzIiwiZXhwIjoiMTY4NTk2MjE0MyIsImVuZHBvaW50dXJsIjoiVGJ3ZHA4cXRvRE5tTFM5ZURXSGhCeURia3BsUUs0NmxYSUlUb3BvQ0dscz0iLCJlbmRwb2ludHVybExlbmd0aCI6IjE2MSIsImlzbG9vcGJhY2siOiJUcnVlIiwiY2lkIjoiaDhmZWUvQnRiVTJ6QTk1NzZnSUlpQT09IiwidmVyIjoiaGFzaGVkcHJvb2Z0b2tlbiIsInNpdGVpZCI6IlptRTVaakZqWkRNdE5UTmpZeTAwWVRreUxUZzFOMkV0TldWbFptWmlZVEE0TnpSaSIsImFwcF9kaXNwbGF5bmFtZSI6IlNZU1RFTSBCQUNLVVAiLCJuYW1laWQiOiIzOTFlNTVjZC01Mjg3LTRlMjMtOWM4ZC00ZDY5MTc5NDRkMTJAMWMxNzc3MGUtYTI2OS00NTE3LWIyOTYtYzcxZTg0MTk2NDU0Iiwicm9sZXMiOiJhbGxzaXRlcy5yZWFkIGFsbHNpdGVzLndyaXRlIGFsbHNpdGVzLm1hbmFnZSBhbGxmaWxlcy53cml0ZSBhbGxmaWxlcy5yZWFkIiwidHQiOiIxIiwiaXBhZGRyIjoiMjAuMTkwLjE5MC4zMiJ9.O04GN2CcHucH07dZIfZ4_A2Y9OFrRgslz65hWp5ubk4&ApiVersion=2.0',109289279),('0167YEQWAN4WFUGWPUFBCI2DJKK3NPOEYF','0167YEQWBN4VQWC5CSFZHJMHCSYEDUUVW2','openmrs_2023-06-03_150001.sql.gz','2023-06-03 12:07:08','https://cihebkenyaorg.sharepoint.com/sites/HealthInformatics-SYSTEMBACKUP/Shared%20Documents/SYSTEM%20BACKUP/EVENT%20MANAGER/CONNECT/KenyaEMR/DANDORA_HC/openmrs_2023-06-03_150001.sql.gz','https://cihebkenyaorg.sharepoint.com/sites/HealthInformatics-SYSTEMBACKUP/_layouts/15/download.aspx?UniqueId=438be50d-f459-4428-8d0d-2a56daf71305&Translate=false&tempauth=eyJ0eXAiOiJKV1QiLCJhbGciOiJIUzI1NiJ9.eyJhdWQiOiIwMDAwMDAwMy0wMDAwLTBmZjEtY2UwMC0wMDAwMDAwMDAwMDAvY2loZWJrZW55YW9yZy5zaGFyZXBvaW50LmNvbUAxYzE3NzcwZS1hMjY5LTQ1MTctYjI5Ni1jNzFlODQxOTY0NTQiLCJpc3MiOiIwMDAwMDAwMy0wMDAwLTBmZjEtY2UwMC0wMDAwMDAwMDAwMDAiLCJuYmYiOiIxNjg1OTU4NTI3IiwiZXhwIjoiMTY4NTk2MjEyNyIsImVuZHBvaW50dXJsIjoiS2U1UW1mcndvZVRTK2N5a0lPR1kwbFloRjFFaFBMOWh3cGZkRlhIb3ZVST0iLCJlbmRwb2ludHVybExlbmd0aCI6IjE2MSIsImlzbG9vcGJhY2siOiJUcnVlIiwiY2lkIjoiN3dEcVFELzNqRWlqQm9ob1g5OGlPQT09IiwidmVyIjoiaGFzaGVkcHJvb2Z0b2tlbiIsInNpdGVpZCI6IlptRTVaakZqWkRNdE5UTmpZeTAwWVRreUxUZzFOMkV0TldWbFptWmlZVEE0TnpSaSIsImFwcF9kaXNwbGF5bmFtZSI6IlNZU1RFTSBCQUNLVVAiLCJuYW1laWQiOiIzOTFlNTVjZC01Mjg3LTRlMjMtOWM4ZC00ZDY5MTc5NDRkMTJAMWMxNzc3MGUtYTI2OS00NTE3LWIyOTYtYzcxZTg0MTk2NDU0Iiwicm9sZXMiOiJhbGxzaXRlcy5yZWFkIGFsbHNpdGVzLndyaXRlIGFsbHNpdGVzLm1hbmFnZSBhbGxmaWxlcy53cml0ZSBhbGxmaWxlcy5yZWFkIiwidHQiOiIxIiwiaXBhZGRyIjoiMjAuMTkwLjE5MC4zMiJ9.lxN3cdPbEoWi_2VTfvB9CLYxFlWXCrooIcXOyTfpiLg&ApiVersion=2.0',82499788),('0167YEQWAOE5D5JC4LCRDZAJYAJNKF6FQL','0167YEQWBHMXJPKZT7YZFJQAI76PHKJ6D7','openmrs_2023-05-20_140001.sql.gz','2023-05-20 11:42:09','https://cihebkenyaorg.sharepoint.com/sites/HealthInformatics-SYSTEMBACKUP/Shared%20Documents/SYSTEM%20BACKUP/EVENT%20MANAGER/CONNECT/KenyaEMR/BHESP/openmrs_2023-05-20_140001.sql.gz','https://cihebkenyaorg.sharepoint.com/sites/HealthInformatics-SYSTEMBACKUP/_layouts/15/download.aspx?UniqueId=d447270e-8b8b-4714-9027-004b545f160b&Translate=false&tempauth=eyJ0eXAiOiJKV1QiLCJhbGciOiJIUzI1NiJ9.eyJhdWQiOiIwMDAwMDAwMy0wMDAwLTBmZjEtY2UwMC0wMDAwMDAwMDAwMDAvY2loZWJrZW55YW9yZy5zaGFyZXBvaW50LmNvbUAxYzE3NzcwZS1hMjY5LTQ1MTctYjI5Ni1jNzFlODQxOTY0NTQiLCJpc3MiOiIwMDAwMDAwMy0wMDAwLTBmZjEtY2UwMC0wMDAwMDAwMDAwMDAiLCJuYmYiOiIxNjg1OTU4NTI4IiwiZXhwIjoiMTY4NTk2MjEyOCIsImVuZHBvaW50dXJsIjoiOFFNandLVVBKVE9KbE0wendkV0xaWXppUGJLalY4SWFnR25mZk9sb2F5ST0iLCJlbmRwb2ludHVybExlbmd0aCI6IjE2MSIsImlzbG9vcGJhY2siOiJUcnVlIiwiY2lkIjoiczJpUGp2QWlnMCtaQWk4QlN0ZXhyQT09IiwidmVyIjoiaGFzaGVkcHJvb2Z0b2tlbiIsInNpdGVpZCI6IlptRTVaakZqWkRNdE5UTmpZeTAwWVRreUxUZzFOMkV0TldWbFptWmlZVEE0TnpSaSIsImFwcF9kaXNwbGF5bmFtZSI6IlNZU1RFTSBCQUNLVVAiLCJuYW1laWQiOiIzOTFlNTVjZC01Mjg3LTRlMjMtOWM4ZC00ZDY5MTc5NDRkMTJAMWMxNzc3MGUtYTI2OS00NTE3LWIyOTYtYzcxZTg0MTk2NDU0Iiwicm9sZXMiOiJhbGxzaXRlcy5yZWFkIGFsbHNpdGVzLndyaXRlIGFsbHNpdGVzLm1hbmFnZSBhbGxmaWxlcy53cml0ZSBhbGxmaWxlcy5yZWFkIiwidHQiOiIxIiwiaXBhZGRyIjoiMjAuMTkwLjE5MC4zMiJ9.Ymx7RkjHbsuxv6cqQ-rcPwJ_5s_rXDfrLvcyAj4ZDtk&ApiVersion=2.0',100116971),('0167YEQWAQG2D26GJDX5B3KL3T77PEA5VX','0167YEQWC32NUYASTCWREYKXIJHDRGC2OI','openmrs_2023-05-23_150002.sql.gz','2023-05-23 12:01:55','https://cihebkenyaorg.sharepoint.com/sites/HealthInformatics-SYSTEMBACKUP/Shared%20Documents/SYSTEM%20BACKUP/EVENT%20MANAGER/CONNECT/KenyaEMR/BABADOGO_HC/openmrs_2023-05-23_150002.sql.gz','https://cihebkenyaorg.sharepoint.com/sites/HealthInformatics-SYSTEMBACKUP/_layouts/15/download.aspx?UniqueId=af873610-2319-43bf-b52f-73ffde4076b7&Translate=false&tempauth=eyJ0eXAiOiJKV1QiLCJhbGciOiJIUzI1NiJ9.eyJhdWQiOiIwMDAwMDAwMy0wMDAwLTBmZjEtY2UwMC0wMDAwMDAwMDAwMDAvY2loZWJrZW55YW9yZy5zaGFyZXBvaW50LmNvbUAxYzE3NzcwZS1hMjY5LTQ1MTctYjI5Ni1jNzFlODQxOTY0NTQiLCJpc3MiOiIwMDAwMDAwMy0wMDAwLTBmZjEtY2UwMC0wMDAwMDAwMDAwMDAiLCJuYmYiOiIxNjg1OTU4NTQzIiwiZXhwIjoiMTY4NTk2MjE0MyIsImVuZHBvaW50dXJsIjoid05ZQS9IZFNGMS8wVXh2S25UbFNyRHdHbjA4bVJON2h1VXB6L09zQm9rRT0iLCJlbmRwb2ludHVybExlbmd0aCI6IjE2MSIsImlzbG9vcGJhY2siOiJUcnVlIiwiY2lkIjoiaDhmZWUvQnRiVTJ6QTk1NzZnSUlpQT09IiwidmVyIjoiaGFzaGVkcHJvb2Z0b2tlbiIsInNpdGVpZCI6IlptRTVaakZqWkRNdE5UTmpZeTAwWVRreUxUZzFOMkV0TldWbFptWmlZVEE0TnpSaSIsImFwcF9kaXNwbGF5bmFtZSI6IlNZU1RFTSBCQUNLVVAiLCJuYW1laWQiOiIzOTFlNTVjZC01Mjg3LTRlMjMtOWM4ZC00ZDY5MTc5NDRkMTJAMWMxNzc3MGUtYTI2OS00NTE3LWIyOTYtYzcxZTg0MTk2NDU0Iiwicm9sZXMiOiJhbGxzaXRlcy5yZWFkIGFsbHNpdGVzLndyaXRlIGFsbHNpdGVzLm1hbmFnZSBhbGxmaWxlcy53cml0ZSBhbGxmaWxlcy5yZWFkIiwidHQiOiIxIiwiaXBhZGRyIjoiMjAuMTkwLjE5MC4zMiJ9.emfVZIVbKSge0a9-KvHU6jo_EKsNyNIod4Xj4r3tkTs&ApiVersion=2.0',108380321),('0167YEQWAQPKQLCA23T5FIESUXSQ2GMOH2','0167YEQWC32NUYASTCWREYKXIJHDRGC2OI','openmrs_2023-05-26_150002.sql.gz','2023-05-26 12:02:26','https://cihebkenyaorg.sharepoint.com/sites/HealthInformatics-SYSTEMBACKUP/Shared%20Documents/SYSTEM%20BACKUP/EVENT%20MANAGER/CONNECT/KenyaEMR/BABADOGO_HC/openmrs_2023-05-26_150002.sql.gz','https://cihebkenyaorg.sharepoint.com/sites/HealthInformatics-SYSTEMBACKUP/_layouts/15/download.aspx?UniqueId=b1a07a10-5b03-4a9f-824a-9794346638fa&Translate=false&tempauth=eyJ0eXAiOiJKV1QiLCJhbGciOiJIUzI1NiJ9.eyJhdWQiOiIwMDAwMDAwMy0wMDAwLTBmZjEtY2UwMC0wMDAwMDAwMDAwMDAvY2loZWJrZW55YW9yZy5zaGFyZXBvaW50LmNvbUAxYzE3NzcwZS1hMjY5LTQ1MTctYjI5Ni1jNzFlODQxOTY0NTQiLCJpc3MiOiIwMDAwMDAwMy0wMDAwLTBmZjEtY2UwMC0wMDAwMDAwMDAwMDAiLCJuYmYiOiIxNjg1OTU4NTQzIiwiZXhwIjoiMTY4NTk2MjE0MyIsImVuZHBvaW50dXJsIjoicERTOGNoeURxK3l3eVlYT3JDY28xTmRUbFhibGpkd0JrUTQ0ZXg4Q1ZKZz0iLCJlbmRwb2ludHVybExlbmd0aCI6IjE2MSIsImlzbG9vcGJhY2siOiJUcnVlIiwiY2lkIjoiaDhmZWUvQnRiVTJ6QTk1NzZnSUlpQT09IiwidmVyIjoiaGFzaGVkcHJvb2Z0b2tlbiIsInNpdGVpZCI6IlptRTVaakZqWkRNdE5UTmpZeTAwWVRreUxUZzFOMkV0TldWbFptWmlZVEE0TnpSaSIsImFwcF9kaXNwbGF5bmFtZSI6IlNZU1RFTSBCQUNLVVAiLCJuYW1laWQiOiIzOTFlNTVjZC01Mjg3LTRlMjMtOWM4ZC00ZDY5MTc5NDRkMTJAMWMxNzc3MGUtYTI2OS00NTE3LWIyOTYtYzcxZTg0MTk2NDU0Iiwicm9sZXMiOiJhbGxzaXRlcy5yZWFkIGFsbHNpdGVzLndyaXRlIGFsbHNpdGVzLm1hbmFnZSBhbGxmaWxlcy53cml0ZSBhbGxmaWxlcy5yZWFkIiwidHQiOiIxIiwiaXBhZGRyIjoiMjAuMTkwLjE5MC4zMiJ9.bQv9Yxt1AN43xKZpYwsZercc0eD0rn5Fxd4M8Ii9_V8&ApiVersion=2.0',109278804),('0167YEQWAYX4NSNONPMFEJDP7RSYJY376D','0167YEQWC32NUYASTCWREYKXIJHDRGC2OI','openmrs_2023-06-03_150001.sql.gz','2023-06-03 12:02:19','https://cihebkenyaorg.sharepoint.com/sites/HealthInformatics-SYSTEMBACKUP/Shared%20Documents/SYSTEM%20BACKUP/EVENT%20MANAGER/CONNECT/KenyaEMR/BABADOGO_HC/openmrs_2023-06-03_150001.sql.gz','https://cihebkenyaorg.sharepoint.com/sites/HealthInformatics-SYSTEMBACKUP/_layouts/15/download.aspx?UniqueId=261bbf18-afb9-4861-91bf-f196138dffc3&Translate=false&tempauth=eyJ0eXAiOiJKV1QiLCJhbGciOiJIUzI1NiJ9.eyJhdWQiOiIwMDAwMDAwMy0wMDAwLTBmZjEtY2UwMC0wMDAwMDAwMDAwMDAvY2loZWJrZW55YW9yZy5zaGFyZXBvaW50LmNvbUAxYzE3NzcwZS1hMjY5LTQ1MTctYjI5Ni1jNzFlODQxOTY0NTQiLCJpc3MiOiIwMDAwMDAwMy0wMDAwLTBmZjEtY2UwMC0wMDAwMDAwMDAwMDAiLCJuYmYiOiIxNjg1OTU4NTQzIiwiZXhwIjoiMTY4NTk2MjE0MyIsImVuZHBvaW50dXJsIjoiTEN2enpaVEErQWVRWWtGVWZtZy95NW41bEcvL0c2YzF4ejh4OHBsK1YwWT0iLCJlbmRwb2ludHVybExlbmd0aCI6IjE2MSIsImlzbG9vcGJhY2siOiJUcnVlIiwiY2lkIjoiaDhmZWUvQnRiVTJ6QTk1NzZnSUlpQT09IiwidmVyIjoiaGFzaGVkcHJvb2Z0b2tlbiIsInNpdGVpZCI6IlptRTVaakZqWkRNdE5UTmpZeTAwWVRreUxUZzFOMkV0TldWbFptWmlZVEE0TnpSaSIsImFwcF9kaXNwbGF5bmFtZSI6IlNZU1RFTSBCQUNLVVAiLCJuYW1laWQiOiIzOTFlNTVjZC01Mjg3LTRlMjMtOWM4ZC00ZDY5MTc5NDRkMTJAMWMxNzc3MGUtYTI2OS00NTE3LWIyOTYtYzcxZTg0MTk2NDU0Iiwicm9sZXMiOiJhbGxzaXRlcy5yZWFkIGFsbHNpdGVzLndyaXRlIGFsbHNpdGVzLm1hbmFnZSBhbGxmaWxlcy53cml0ZSBhbGxmaWxlcy5yZWFkIiwidHQiOiIxIiwiaXBhZGRyIjoiMjAuMTkwLjE5MC4zMiJ9.Iy4Q2N5A9ASaBzummbjCO6gtUhDRlb3Xom9shJu91Js&ApiVersion=2.0',110380935),('0167YEQWBI3UDT373GNZB2KIGYKIHVADO2','0167YEQWBHMXJPKZT7YZFJQAI76PHKJ6D7','openmrs_2023-05-22_140001.sql.gz','2023-05-22 11:32:48','https://cihebkenyaorg.sharepoint.com/sites/HealthInformatics-SYSTEMBACKUP/Shared%20Documents/SYSTEM%20BACKUP/EVENT%20MANAGER/CONNECT/KenyaEMR/BHESP/openmrs_2023-05-22_140001.sql.gz','https://cihebkenyaorg.sharepoint.com/sites/HealthInformatics-SYSTEMBACKUP/_layouts/15/download.aspx?UniqueId=3d07dd28-66ff-436e-a520-d8520f500dda&Translate=false&tempauth=eyJ0eXAiOiJKV1QiLCJhbGciOiJIUzI1NiJ9.eyJhdWQiOiIwMDAwMDAwMy0wMDAwLTBmZjEtY2UwMC0wMDAwMDAwMDAwMDAvY2loZWJrZW55YW9yZy5zaGFyZXBvaW50LmNvbUAxYzE3NzcwZS1hMjY5LTQ1MTctYjI5Ni1jNzFlODQxOTY0NTQiLCJpc3MiOiIwMDAwMDAwMy0wMDAwLTBmZjEtY2UwMC0wMDAwMDAwMDAwMDAiLCJuYmYiOiIxNjg1OTU4NTI4IiwiZXhwIjoiMTY4NTk2MjEyOCIsImVuZHBvaW50dXJsIjoiZ1ltcGFGU0xUWUVWWlh6YWdwbEpuUHV1bnMraGh2ald6UGlubHBvN1FuZz0iLCJlbmRwb2ludHVybExlbmd0aCI6IjE2MSIsImlzbG9vcGJhY2siOiJUcnVlIiwiY2lkIjoiczJpUGp2QWlnMCtaQWk4QlN0ZXhyQT09IiwidmVyIjoiaGFzaGVkcHJvb2Z0b2tlbiIsInNpdGVpZCI6IlptRTVaakZqWkRNdE5UTmpZeTAwWVRreUxUZzFOMkV0TldWbFptWmlZVEE0TnpSaSIsImFwcF9kaXNwbGF5bmFtZSI6IlNZU1RFTSBCQUNLVVAiLCJuYW1laWQiOiIzOTFlNTVjZC01Mjg3LTRlMjMtOWM4ZC00ZDY5MTc5NDRkMTJAMWMxNzc3MGUtYTI2OS00NTE3LWIyOTYtYzcxZTg0MTk2NDU0Iiwicm9sZXMiOiJhbGxzaXRlcy5yZWFkIGFsbHNpdGVzLndyaXRlIGFsbHNpdGVzLm1hbmFnZSBhbGxmaWxlcy53cml0ZSBhbGxmaWxlcy5yZWFkIiwidHQiOiIxIiwiaXBhZGRyIjoiMjAuMTkwLjE5MC4zMiJ9.2KfoxwwCQAVOIhBUsq51BswTq820gpjthLtL5l4twaQ&ApiVersion=2.0',100248793),('0167YEQWBOEKQ4NY45JVAKKMYCPOCVISPY','0167YEQWBWKTCQ5YLVIFCYTDJ73DEVDWKM','openmrs_2023-04-20_140002.sql.gz','2023-04-20 11:26:56','https://cihebkenyaorg.sharepoint.com/sites/HealthInformatics-SYSTEMBACKUP/Shared%20Documents/SYSTEM%20BACKUP/EVENT%20MANAGER/CONNECT/KenyaEMR/EASTLEIGH_HC/openmrs_2023-04-20_140002.sql.gz','https://cihebkenyaorg.sharepoint.com/sites/HealthInformatics-SYSTEMBACKUP/_layouts/15/download.aspx?UniqueId=c6a1222e-9de3-404d-a533-027b855449f8&Translate=false&tempauth=eyJ0eXAiOiJKV1QiLCJhbGciOiJIUzI1NiJ9.eyJhdWQiOiIwMDAwMDAwMy0wMDAwLTBmZjEtY2UwMC0wMDAwMDAwMDAwMDAvY2loZWJrZW55YW9yZy5zaGFyZXBvaW50LmNvbUAxYzE3NzcwZS1hMjY5LTQ1MTctYjI5Ni1jNzFlODQxOTY0NTQiLCJpc3MiOiIwMDAwMDAwMy0wMDAwLTBmZjEtY2UwMC0wMDAwMDAwMDAwMDAiLCJuYmYiOiIxNjg1OTU4NTM2IiwiZXhwIjoiMTY4NTk2MjEzNiIsImVuZHBvaW50dXJsIjoiMk8yOFdVRTB6SmdhaHhleXRZMG1YZm9KUkduVWpkRWs2YlF0c05FaDRQQT0iLCJlbmRwb2ludHVybExlbmd0aCI6IjE2MSIsImlzbG9vcGJhY2siOiJUcnVlIiwiY2lkIjoiSno1WXFDTkRGVTZibjFOR0xOZ0Qrdz09IiwidmVyIjoiaGFzaGVkcHJvb2Z0b2tlbiIsInNpdGVpZCI6IlptRTVaakZqWkRNdE5UTmpZeTAwWVRreUxUZzFOMkV0TldWbFptWmlZVEE0TnpSaSIsImFwcF9kaXNwbGF5bmFtZSI6IlNZU1RFTSBCQUNLVVAiLCJuYW1laWQiOiIzOTFlNTVjZC01Mjg3LTRlMjMtOWM4ZC00ZDY5MTc5NDRkMTJAMWMxNzc3MGUtYTI2OS00NTE3LWIyOTYtYzcxZTg0MTk2NDU0Iiwicm9sZXMiOiJhbGxzaXRlcy5yZWFkIGFsbHNpdGVzLndyaXRlIGFsbHNpdGVzLm1hbmFnZSBhbGxmaWxlcy53cml0ZSBhbGxmaWxlcy5yZWFkIiwidHQiOiIxIiwiaXBhZGRyIjoiMjAuMTkwLjE5MC4zMiJ9.3tPyV5GowZBO62uwDAVi6XJ4IuQBMayW_Q3wLNs6ZcE&ApiVersion=2.0',57363632),('0167YEQWBQ6ULIBRVHG5CLESODCXNFKITH','0167YEQWBWKTCQ5YLVIFCYTDJ73DEVDWKM','openmrs_2023-05-22_140002.sql.gz','2023-05-22 11:25:46','https://cihebkenyaorg.sharepoint.com/sites/HealthInformatics-SYSTEMBACKUP/Shared%20Documents/SYSTEM%20BACKUP/EVENT%20MANAGER/CONNECT/KenyaEMR/EASTLEIGH_HC/openmrs_2023-05-22_140002.sql.gz','https://cihebkenyaorg.sharepoint.com/sites/HealthInformatics-SYSTEMBACKUP/_layouts/15/download.aspx?UniqueId=8016f530-a7c6-4437-b249-c315da552267&Translate=false&tempauth=eyJ0eXAiOiJKV1QiLCJhbGciOiJIUzI1NiJ9.eyJhdWQiOiIwMDAwMDAwMy0wMDAwLTBmZjEtY2UwMC0wMDAwMDAwMDAwMDAvY2loZWJrZW55YW9yZy5zaGFyZXBvaW50LmNvbUAxYzE3NzcwZS1hMjY5LTQ1MTctYjI5Ni1jNzFlODQxOTY0NTQiLCJpc3MiOiIwMDAwMDAwMy0wMDAwLTBmZjEtY2UwMC0wMDAwMDAwMDAwMDAiLCJuYmYiOiIxNjg1OTU4NTM2IiwiZXhwIjoiMTY4NTk2MjEzNiIsImVuZHBvaW50dXJsIjoiSklra3k2ZHY5YzhwZEpuVnNnVzZzZkJzWkNreWN6SDYwVE8zazRjVWJCcz0iLCJlbmRwb2ludHVybExlbmd0aCI6IjE2MSIsImlzbG9vcGJhY2siOiJUcnVlIiwiY2lkIjoiSno1WXFDTkRGVTZibjFOR0xOZ0Qrdz09IiwidmVyIjoiaGFzaGVkcHJvb2Z0b2tlbiIsInNpdGVpZCI6IlptRTVaakZqWkRNdE5UTmpZeTAwWVRreUxUZzFOMkV0TldWbFptWmlZVEE0TnpSaSIsImFwcF9kaXNwbGF5bmFtZSI6IlNZU1RFTSBCQUNLVVAiLCJuYW1laWQiOiIzOTFlNTVjZC01Mjg3LTRlMjMtOWM4ZC00ZDY5MTc5NDRkMTJAMWMxNzc3MGUtYTI2OS00NTE3LWIyOTYtYzcxZTg0MTk2NDU0Iiwicm9sZXMiOiJhbGxzaXRlcy5yZWFkIGFsbHNpdGVzLndyaXRlIGFsbHNpdGVzLm1hbmFnZSBhbGxmaWxlcy53cml0ZSBhbGxmaWxlcy5yZWFkIiwidHQiOiIxIiwiaXBhZGRyIjoiMjAuMTkwLjE5MC4zMiJ9.q2-aq76QSTPb7r_Sb8HHB3HPzu3I5AtfpXH4mAmjzwo&ApiVersion=2.0',58807140),('0167YEQWBS3ZTEPDXYEFHLSEGTU66ZTX5E','0167YEQWBWKTCQ5YLVIFCYTDJ73DEVDWKM','openmrs_2023-05-14_140003.sql.gz','2023-05-14 11:27:23','https://cihebkenyaorg.sharepoint.com/sites/HealthInformatics-SYSTEMBACKUP/Shared%20Documents/SYSTEM%20BACKUP/EVENT%20MANAGER/CONNECT/KenyaEMR/EASTLEIGH_HC/openmrs_2023-05-14_140003.sql.gz','https://cihebkenyaorg.sharepoint.com/sites/HealthInformatics-SYSTEMBACKUP/_layouts/15/download.aspx?UniqueId=4766de32-f88e-4e21-b910-d3a7bd99dfa4&Translate=false&tempauth=eyJ0eXAiOiJKV1QiLCJhbGciOiJIUzI1NiJ9.eyJhdWQiOiIwMDAwMDAwMy0wMDAwLTBmZjEtY2UwMC0wMDAwMDAwMDAwMDAvY2loZWJrZW55YW9yZy5zaGFyZXBvaW50LmNvbUAxYzE3NzcwZS1hMjY5LTQ1MTctYjI5Ni1jNzFlODQxOTY0NTQiLCJpc3MiOiIwMDAwMDAwMy0wMDAwLTBmZjEtY2UwMC0wMDAwMDAwMDAwMDAiLCJuYmYiOiIxNjg1OTU4NTM2IiwiZXhwIjoiMTY4NTk2MjEzNiIsImVuZHBvaW50dXJsIjoiV1hPYnl2UUlqWkUwVCs0cjRwQmlQUFBudnZpang4eVhJcnpnS2hMTFZZTT0iLCJlbmRwb2ludHVybExlbmd0aCI6IjE2MSIsImlzbG9vcGJhY2siOiJUcnVlIiwiY2lkIjoiSno1WXFDTkRGVTZibjFOR0xOZ0Qrdz09IiwidmVyIjoiaGFzaGVkcHJvb2Z0b2tlbiIsInNpdGVpZCI6IlptRTVaakZqWkRNdE5UTmpZeTAwWVRreUxUZzFOMkV0TldWbFptWmlZVEE0TnpSaSIsImFwcF9kaXNwbGF5bmFtZSI6IlNZU1RFTSBCQUNLVVAiLCJuYW1laWQiOiIzOTFlNTVjZC01Mjg3LTRlMjMtOWM4ZC00ZDY5MTc5NDRkMTJAMWMxNzc3MGUtYTI2OS00NTE3LWIyOTYtYzcxZTg0MTk2NDU0Iiwicm9sZXMiOiJhbGxzaXRlcy5yZWFkIGFsbHNpdGVzLndyaXRlIGFsbHNpdGVzLm1hbmFnZSBhbGxmaWxlcy53cml0ZSBhbGxmaWxlcy5yZWFkIiwidHQiOiIxIiwiaXBhZGRyIjoiMjAuMTkwLjE5MC4zMiJ9.jPFRiJNOM7nP1bdB6lfiN8q76EkUp6dLEONwPtjN_ok&ApiVersion=2.0',58401852),('0167YEQWBTFW6ID46RUFCZN7WNU6QU4T5S','0167YEQWC32NUYASTCWREYKXIJHDRGC2OI','openmrs_2023-04-22_150002.sql.gz','2023-04-22 12:02:00','https://cihebkenyaorg.sharepoint.com/sites/HealthInformatics-SYSTEMBACKUP/Shared%20Documents/SYSTEM%20BACKUP/EVENT%20MANAGER/CONNECT/KenyaEMR/BABADOGO_HC/openmrs_2023-04-22_150002.sql.gz','https://cihebkenyaorg.sharepoint.com/sites/HealthInformatics-SYSTEMBACKUP/_layouts/15/download.aspx?UniqueId=81bc2d33-d1f3-45a1-96fe-cda7a14e4fb2&Translate=false&tempauth=eyJ0eXAiOiJKV1QiLCJhbGciOiJIUzI1NiJ9.eyJhdWQiOiIwMDAwMDAwMy0wMDAwLTBmZjEtY2UwMC0wMDAwMDAwMDAwMDAvY2loZWJrZW55YW9yZy5zaGFyZXBvaW50LmNvbUAxYzE3NzcwZS1hMjY5LTQ1MTctYjI5Ni1jNzFlODQxOTY0NTQiLCJpc3MiOiIwMDAwMDAwMy0wMDAwLTBmZjEtY2UwMC0wMDAwMDAwMDAwMDAiLCJuYmYiOiIxNjg1OTU4NTQzIiwiZXhwIjoiMTY4NTk2MjE0MyIsImVuZHBvaW50dXJsIjoiV0dReEZyY3BHbUhLQ0RxY21pTnVWTkExOU12N3ZPcjNrMTI0Qm1SRnlFYz0iLCJlbmRwb2ludHVybExlbmd0aCI6IjE2MSIsImlzbG9vcGJhY2siOiJUcnVlIiwiY2lkIjoiaDhmZWUvQnRiVTJ6QTk1NzZnSUlpQT09IiwidmVyIjoiaGFzaGVkcHJvb2Z0b2tlbiIsInNpdGVpZCI6IlptRTVaakZqWkRNdE5UTmpZeTAwWVRreUxUZzFOMkV0TldWbFptWmlZVEE0TnpSaSIsImFwcF9kaXNwbGF5bmFtZSI6IlNZU1RFTSBCQUNLVVAiLCJuYW1laWQiOiIzOTFlNTVjZC01Mjg3LTRlMjMtOWM4ZC00ZDY5MTc5NDRkMTJAMWMxNzc3MGUtYTI2OS00NTE3LWIyOTYtYzcxZTg0MTk2NDU0Iiwicm9sZXMiOiJhbGxzaXRlcy5yZWFkIGFsbHNpdGVzLndyaXRlIGFsbHNpdGVzLm1hbmFnZSBhbGxmaWxlcy53cml0ZSBhbGxmaWxlcy5yZWFkIiwidHQiOiIxIiwiaXBhZGRyIjoiMjAuMTkwLjE5MC4zMiJ9.X4lXTDP5oQ8qWNwiemwcQ_3NLp-ma1l0VEDjo_L6PLQ&ApiVersion=2.0',102605462),('0167YEQWC2EX7IYCTQ7ZAL677BYRSM3TEE','0167YEQWBHMXJPKZT7YZFJQAI76PHKJ6D7','openmrs_2023-05-21_140001.sql.gz','2023-05-21 11:40:47','https://cihebkenyaorg.sharepoint.com/sites/HealthInformatics-SYSTEMBACKUP/Shared%20Documents/SYSTEM%20BACKUP/EVENT%20MANAGER/CONNECT/KenyaEMR/BHESP/openmrs_2023-05-21_140001.sql.gz','https://cihebkenyaorg.sharepoint.com/sites/HealthInformatics-SYSTEMBACKUP/_layouts/15/download.aspx?UniqueId=8cfe255a-700a-40fe-bf7f-e1c464cdcc84&Translate=false&tempauth=eyJ0eXAiOiJKV1QiLCJhbGciOiJIUzI1NiJ9.eyJhdWQiOiIwMDAwMDAwMy0wMDAwLTBmZjEtY2UwMC0wMDAwMDAwMDAwMDAvY2loZWJrZW55YW9yZy5zaGFyZXBvaW50LmNvbUAxYzE3NzcwZS1hMjY5LTQ1MTctYjI5Ni1jNzFlODQxOTY0NTQiLCJpc3MiOiIwMDAwMDAwMy0wMDAwLTBmZjEtY2UwMC0wMDAwMDAwMDAwMDAiLCJuYmYiOiIxNjg1OTU4NTI4IiwiZXhwIjoiMTY4NTk2MjEyOCIsImVuZHBvaW50dXJsIjoiTWlpMk1wN3c1WEpneXFnSW5lSFRLN091TVU1TW9xeU1KTExHQlQ4UDFiMD0iLCJlbmRwb2ludHVybExlbmd0aCI6IjE2MSIsImlzbG9vcGJhY2siOiJUcnVlIiwiY2lkIjoiczJpUGp2QWlnMCtaQWk4QlN0ZXhyQT09IiwidmVyIjoiaGFzaGVkcHJvb2Z0b2tlbiIsInNpdGVpZCI6IlptRTVaakZqWkRNdE5UTmpZeTAwWVRreUxUZzFOMkV0TldWbFptWmlZVEE0TnpSaSIsImFwcF9kaXNwbGF5bmFtZSI6IlNZU1RFTSBCQUNLVVAiLCJuYW1laWQiOiIzOTFlNTVjZC01Mjg3LTRlMjMtOWM4ZC00ZDY5MTc5NDRkMTJAMWMxNzc3MGUtYTI2OS00NTE3LWIyOTYtYzcxZTg0MTk2NDU0Iiwicm9sZXMiOiJhbGxzaXRlcy5yZWFkIGFsbHNpdGVzLndyaXRlIGFsbHNpdGVzLm1hbmFnZSBhbGxmaWxlcy53cml0ZSBhbGxmaWxlcy5yZWFkIiwidHQiOiIxIiwiaXBhZGRyIjoiMjAuMTkwLjE5MC4zMiJ9.ckTlA-2cOcg1tnorZ1BD6B96eHVIObM-vA_kF4uhk24&ApiVersion=2.0',100130949),('0167YEQWC2SPGZATKJJZFY26JCSV5BVFOX','0167YEQWBWKTCQ5YLVIFCYTDJ73DEVDWKM','openmrs_2023-04-17_140001.sql.gz','2023-04-17 11:29:02','https://cihebkenyaorg.sharepoint.com/sites/HealthInformatics-SYSTEMBACKUP/Shared%20Documents/SYSTEM%20BACKUP/EVENT%20MANAGER/CONNECT/KenyaEMR/EASTLEIGH_HC/openmrs_2023-04-17_140001.sql.gz','https://cihebkenyaorg.sharepoint.com/sites/HealthInformatics-SYSTEMBACKUP/_layouts/15/download.aspx?UniqueId=90cd935a-494d-4b4e-8d79-22957a1a95d7&Translate=false&tempauth=eyJ0eXAiOiJKV1QiLCJhbGciOiJIUzI1NiJ9.eyJhdWQiOiIwMDAwMDAwMy0wMDAwLTBmZjEtY2UwMC0wMDAwMDAwMDAwMDAvY2loZWJrZW55YW9yZy5zaGFyZXBvaW50LmNvbUAxYzE3NzcwZS1hMjY5LTQ1MTctYjI5Ni1jNzFlODQxOTY0NTQiLCJpc3MiOiIwMDAwMDAwMy0wMDAwLTBmZjEtY2UwMC0wMDAwMDAwMDAwMDAiLCJuYmYiOiIxNjg1OTU4NTM2IiwiZXhwIjoiMTY4NTk2MjEzNiIsImVuZHBvaW50dXJsIjoibkJkbEVlSmVoMUdYMGw3NHpFMGNwVGRiZXRBQkVXd3RDN1pKUHU0RVJnYz0iLCJlbmRwb2ludHVybExlbmd0aCI6IjE2MSIsImlzbG9vcGJhY2siOiJUcnVlIiwiY2lkIjoiSno1WXFDTkRGVTZibjFOR0xOZ0Qrdz09IiwidmVyIjoiaGFzaGVkcHJvb2Z0b2tlbiIsInNpdGVpZCI6IlptRTVaakZqWkRNdE5UTmpZeTAwWVRreUxUZzFOMkV0TldWbFptWmlZVEE0TnpSaSIsImFwcF9kaXNwbGF5bmFtZSI6IlNZU1RFTSBCQUNLVVAiLCJuYW1laWQiOiIzOTFlNTVjZC01Mjg3LTRlMjMtOWM4ZC00ZDY5MTc5NDRkMTJAMWMxNzc3MGUtYTI2OS00NTE3LWIyOTYtYzcxZTg0MTk2NDU0Iiwicm9sZXMiOiJhbGxzaXRlcy5yZWFkIGFsbHNpdGVzLndyaXRlIGFsbHNpdGVzLm1hbmFnZSBhbGxmaWxlcy53cml0ZSBhbGxmaWxlcy5yZWFkIiwidHQiOiIxIiwiaXBhZGRyIjoiMjAuMTkwLjE5MC4zMiJ9.2l2gLP1w7sn-shEU4AYy2PfKzESmdlZaanXr9bvCbzw&ApiVersion=2.0',56824866),('0167YEQWC3GX7RRDJQR5GLAFFQJ3YTGS5C','0167YEQWC32NUYASTCWREYKXIJHDRGC2OI','openmrs_2023-05-30_150006.sql.gz','2023-05-30 12:02:18','https://cihebkenyaorg.sharepoint.com/sites/HealthInformatics-SYSTEMBACKUP/Shared%20Documents/SYSTEM%20BACKUP/EVENT%20MANAGER/CONNECT/KenyaEMR/BABADOGO_HC/openmrs_2023-05-30_150006.sql.gz','https://cihebkenyaorg.sharepoint.com/sites/HealthInformatics-SYSTEMBACKUP/_layouts/15/download.aspx?UniqueId=18ff355b-308d-4c8f-b014-b04ef1334ba2&Translate=false&tempauth=eyJ0eXAiOiJKV1QiLCJhbGciOiJIUzI1NiJ9.eyJhdWQiOiIwMDAwMDAwMy0wMDAwLTBmZjEtY2UwMC0wMDAwMDAwMDAwMDAvY2loZWJrZW55YW9yZy5zaGFyZXBvaW50LmNvbUAxYzE3NzcwZS1hMjY5LTQ1MTctYjI5Ni1jNzFlODQxOTY0NTQiLCJpc3MiOiIwMDAwMDAwMy0wMDAwLTBmZjEtY2UwMC0wMDAwMDAwMDAwMDAiLCJuYmYiOiIxNjg1OTU4NTQzIiwiZXhwIjoiMTY4NTk2MjE0MyIsImVuZHBvaW50dXJsIjoiKzdveHpZaDhsZkdHTFA1RHIxaUpYTlZoOTFEdkJzb3M3bGNEVTQvQ2VwMD0iLCJlbmRwb2ludHVybExlbmd0aCI6IjE2MSIsImlzbG9vcGJhY2siOiJUcnVlIiwiY2lkIjoiaDhmZWUvQnRiVTJ6QTk1NzZnSUlpQT09IiwidmVyIjoiaGFzaGVkcHJvb2Z0b2tlbiIsInNpdGVpZCI6IlptRTVaakZqWkRNdE5UTmpZeTAwWVRreUxUZzFOMkV0TldWbFptWmlZVEE0TnpSaSIsImFwcF9kaXNwbGF5bmFtZSI6IlNZU1RFTSBCQUNLVVAiLCJuYW1laWQiOiIzOTFlNTVjZC01Mjg3LTRlMjMtOWM4ZC00ZDY5MTc5NDRkMTJAMWMxNzc3MGUtYTI2OS00NTE3LWIyOTYtYzcxZTg0MTk2NDU0Iiwicm9sZXMiOiJhbGxzaXRlcy5yZWFkIGFsbHNpdGVzLndyaXRlIGFsbHNpdGVzLm1hbmFnZSBhbGxmaWxlcy53cml0ZSBhbGxmaWxlcy5yZWFkIiwidHQiOiIxIiwiaXBhZGRyIjoiMjAuMTkwLjE5MC4zMiJ9.bQQGLTyihvjTw3kLqJW1HLUhjnlfKn7u9pUBQ4OTkqQ&ApiVersion=2.0',109878443),('0167YEQWCC67CM2ER5AJCK2OMV22VXJ677','0167YEQWBWKTCQ5YLVIFCYTDJ73DEVDWKM','openmrs_2023-04-24_140002.sql.gz','2023-04-24 11:28:23','https://cihebkenyaorg.sharepoint.com/sites/HealthInformatics-SYSTEMBACKUP/Shared%20Documents/SYSTEM%20BACKUP/EVENT%20MANAGER/CONNECT/KenyaEMR/EASTLEIGH_HC/openmrs_2023-04-24_140002.sql.gz','https://cihebkenyaorg.sharepoint.com/sites/HealthInformatics-SYSTEMBACKUP/_layouts/15/download.aspx?UniqueId=cdc4f742-3d12-4402-ad39-95d6ab74fbff&Translate=false&tempauth=eyJ0eXAiOiJKV1QiLCJhbGciOiJIUzI1NiJ9.eyJhdWQiOiIwMDAwMDAwMy0wMDAwLTBmZjEtY2UwMC0wMDAwMDAwMDAwMDAvY2loZWJrZW55YW9yZy5zaGFyZXBvaW50LmNvbUAxYzE3NzcwZS1hMjY5LTQ1MTctYjI5Ni1jNzFlODQxOTY0NTQiLCJpc3MiOiIwMDAwMDAwMy0wMDAwLTBmZjEtY2UwMC0wMDAwMDAwMDAwMDAiLCJuYmYiOiIxNjg1OTU4NTM2IiwiZXhwIjoiMTY4NTk2MjEzNiIsImVuZHBvaW50dXJsIjoiYVFWTko4TjVCck9WTVJJanNWTnBqRXM0VUZtdEw2a2pzZXNEaURuMXNDYz0iLCJlbmRwb2ludHVybExlbmd0aCI6IjE2MSIsImlzbG9vcGJhY2siOiJUcnVlIiwiY2lkIjoiSno1WXFDTkRGVTZibjFOR0xOZ0Qrdz09IiwidmVyIjoiaGFzaGVkcHJvb2Z0b2tlbiIsInNpdGVpZCI6IlptRTVaakZqWkRNdE5UTmpZeTAwWVRreUxUZzFOMkV0TldWbFptWmlZVEE0TnpSaSIsImFwcF9kaXNwbGF5bmFtZSI6IlNZU1RFTSBCQUNLVVAiLCJuYW1laWQiOiIzOTFlNTVjZC01Mjg3LTRlMjMtOWM4ZC00ZDY5MTc5NDRkMTJAMWMxNzc3MGUtYTI2OS00NTE3LWIyOTYtYzcxZTg0MTk2NDU0Iiwicm9sZXMiOiJhbGxzaXRlcy5yZWFkIGFsbHNpdGVzLndyaXRlIGFsbHNpdGVzLm1hbmFnZSBhbGxmaWxlcy53cml0ZSBhbGxmaWxlcy5yZWFkIiwidHQiOiIxIiwiaXBhZGRyIjoiMjAuMTkwLjE5MC4zMiJ9.uqY0RHrNPExqHYGxr6Yi6LMGi4VYiYb4fWP_lcltAmk&ApiVersion=2.0',57481765),('0167YEQWCCG4I2L4Q5V5BL75VJXQ5IVRC6','0167YEQWC32NUYASTCWREYKXIJHDRGC2OI','openmrs_2023-04-24_150002.sql.gz','2023-04-24 12:02:50','https://cihebkenyaorg.sharepoint.com/sites/HealthInformatics-SYSTEMBACKUP/Shared%20Documents/SYSTEM%20BACKUP/EVENT%20MANAGER/CONNECT/KenyaEMR/BABADOGO_HC/openmrs_2023-04-24_150002.sql.gz','https://cihebkenyaorg.sharepoint.com/sites/HealthInformatics-SYSTEMBACKUP/_layouts/15/download.aspx?UniqueId=a5113742-1df2-42af-bff6-a9bc3a8ac45e&Translate=false&tempauth=eyJ0eXAiOiJKV1QiLCJhbGciOiJIUzI1NiJ9.eyJhdWQiOiIwMDAwMDAwMy0wMDAwLTBmZjEtY2UwMC0wMDAwMDAwMDAwMDAvY2loZWJrZW55YW9yZy5zaGFyZXBvaW50LmNvbUAxYzE3NzcwZS1hMjY5LTQ1MTctYjI5Ni1jNzFlODQxOTY0NTQiLCJpc3MiOiIwMDAwMDAwMy0wMDAwLTBmZjEtY2UwMC0wMDAwMDAwMDAwMDAiLCJuYmYiOiIxNjg1OTU4NTQzIiwiZXhwIjoiMTY4NTk2MjE0MyIsImVuZHBvaW50dXJsIjoiUTNka0MvWENUOW9MS0JKdThBUWNGdTZHakZUWG5Md2hTTlhOZTFjdC9Jbz0iLCJlbmRwb2ludHVybExlbmd0aCI6IjE2MSIsImlzbG9vcGJhY2siOiJUcnVlIiwiY2lkIjoiaDhmZWUvQnRiVTJ6QTk1NzZnSUlpQT09IiwidmVyIjoiaGFzaGVkcHJvb2Z0b2tlbiIsInNpdGVpZCI6IlptRTVaakZqWkRNdE5UTmpZeTAwWVRreUxUZzFOMkV0TldWbFptWmlZVEE0TnpSaSIsImFwcF9kaXNwbGF5bmFtZSI6IlNZU1RFTSBCQUNLVVAiLCJuYW1laWQiOiIzOTFlNTVjZC01Mjg3LTRlMjMtOWM4ZC00ZDY5MTc5NDRkMTJAMWMxNzc3MGUtYTI2OS00NTE3LWIyOTYtYzcxZTg0MTk2NDU0Iiwicm9sZXMiOiJhbGxzaXRlcy5yZWFkIGFsbHNpdGVzLndyaXRlIGFsbHNpdGVzLm1hbmFnZSBhbGxmaWxlcy53cml0ZSBhbGxmaWxlcy5yZWFkIiwidHQiOiIxIiwiaXBhZGRyIjoiMjAuMTkwLjE5MC4zMiJ9.0vNUztpZXOrosFYbyzRsoe2RoHVUIp-9ad6tZZ4zVok&ApiVersion=2.0',102893545),('0167YEQWCEN2IYEYYZTFGLNFIB7RWRF4JS','0167YEQWBN4VQWC5CSFZHJMHCSYEDUUVW2','openmrs_2023-05-26_150001.sql.gz','2023-05-26 12:06:40','https://cihebkenyaorg.sharepoint.com/sites/HealthInformatics-SYSTEMBACKUP/Shared%20Documents/SYSTEM%20BACKUP/EVENT%20MANAGER/CONNECT/KenyaEMR/DANDORA_HC/openmrs_2023-05-26_150001.sql.gz','https://cihebkenyaorg.sharepoint.com/sites/HealthInformatics-SYSTEMBACKUP/_layouts/15/download.aspx?UniqueId=82916e44-1963-4c99-b695-01fc6d12f132&Translate=false&tempauth=eyJ0eXAiOiJKV1QiLCJhbGciOiJIUzI1NiJ9.eyJhdWQiOiIwMDAwMDAwMy0wMDAwLTBmZjEtY2UwMC0wMDAwMDAwMDAwMDAvY2loZWJrZW55YW9yZy5zaGFyZXBvaW50LmNvbUAxYzE3NzcwZS1hMjY5LTQ1MTctYjI5Ni1jNzFlODQxOTY0NTQiLCJpc3MiOiIwMDAwMDAwMy0wMDAwLTBmZjEtY2UwMC0wMDAwMDAwMDAwMDAiLCJuYmYiOiIxNjg1OTU4NTI3IiwiZXhwIjoiMTY4NTk2MjEyNyIsImVuZHBvaW50dXJsIjoiOXJEdTJ4OXFYR1pTejJSUTY0NlRZbDZXeWMwMnYzTmV4d1RSemd5UTQ4UT0iLCJlbmRwb2ludHVybExlbmd0aCI6IjE2MSIsImlzbG9vcGJhY2siOiJUcnVlIiwiY2lkIjoiN3dEcVFELzNqRWlqQm9ob1g5OGlPQT09IiwidmVyIjoiaGFzaGVkcHJvb2Z0b2tlbiIsInNpdGVpZCI6IlptRTVaakZqWkRNdE5UTmpZeTAwWVRreUxUZzFOMkV0TldWbFptWmlZVEE0TnpSaSIsImFwcF9kaXNwbGF5bmFtZSI6IlNZU1RFTSBCQUNLVVAiLCJuYW1laWQiOiIzOTFlNTVjZC01Mjg3LTRlMjMtOWM4ZC00ZDY5MTc5NDRkMTJAMWMxNzc3MGUtYTI2OS00NTE3LWIyOTYtYzcxZTg0MTk2NDU0Iiwicm9sZXMiOiJhbGxzaXRlcy5yZWFkIGFsbHNpdGVzLndyaXRlIGFsbHNpdGVzLm1hbmFnZSBhbGxmaWxlcy53cml0ZSBhbGxmaWxlcy5yZWFkIiwidHQiOiIxIiwiaXBhZGRyIjoiMjAuMTkwLjE5MC4zMiJ9.GByS1teoUwi1loFIl-nfpGoBm9SeZdfHuBPTNP3rw3U&ApiVersion=2.0',81683604),('0167YEQWCEUDH7LGO2RRDKXIWZBMICXSTQ','0167YEQWBWKTCQ5YLVIFCYTDJ73DEVDWKM','nimeconfirmplus_2023-03-15_113001.sql','2023-05-12 05:58:56','https://cihebkenyaorg.sharepoint.com/sites/HealthInformatics-SYSTEMBACKUP/Shared%20Documents/SYSTEM%20BACKUP/EVENT%20MANAGER/CONNECT/KenyaEMR/EASTLEIGH_HC/nimeconfirmplus_2023-03-15_113001.sql','https://cihebkenyaorg.sharepoint.com/sites/HealthInformatics-SYSTEMBACKUP/_layouts/15/download.aspx?UniqueId=f5cfa044-da99-468c-aba2-d90b102bca70&Translate=false&tempauth=eyJ0eXAiOiJKV1QiLCJhbGciOiJIUzI1NiJ9.eyJhdWQiOiIwMDAwMDAwMy0wMDAwLTBmZjEtY2UwMC0wMDAwMDAwMDAwMDAvY2loZWJrZW55YW9yZy5zaGFyZXBvaW50LmNvbUAxYzE3NzcwZS1hMjY5LTQ1MTctYjI5Ni1jNzFlODQxOTY0NTQiLCJpc3MiOiIwMDAwMDAwMy0wMDAwLTBmZjEtY2UwMC0wMDAwMDAwMDAwMDAiLCJuYmYiOiIxNjg1OTU4NTM2IiwiZXhwIjoiMTY4NTk2MjEzNiIsImVuZHBvaW50dXJsIjoiWXNhUDJKb0NEM1licHdiY3JxTEFnSnRYU2hqTzdrbWhkeEpVTjgrZU9vQT0iLCJlbmRwb2ludHVybExlbmd0aCI6IjE2MSIsImlzbG9vcGJhY2siOiJUcnVlIiwiY2lkIjoiSno1WXFDTkRGVTZibjFOR0xOZ0Qrdz09IiwidmVyIjoiaGFzaGVkcHJvb2Z0b2tlbiIsInNpdGVpZCI6IlptRTVaakZqWkRNdE5UTmpZeTAwWVRreUxUZzFOMkV0TldWbFptWmlZVEE0TnpSaSIsImFwcF9kaXNwbGF5bmFtZSI6IlNZU1RFTSBCQUNLVVAiLCJuYW1laWQiOiIzOTFlNTVjZC01Mjg3LTRlMjMtOWM4ZC00ZDY5MTc5NDRkMTJAMWMxNzc3MGUtYTI2OS00NTE3LWIyOTYtYzcxZTg0MTk2NDU0Iiwicm9sZXMiOiJhbGxzaXRlcy5yZWFkIGFsbHNpdGVzLndyaXRlIGFsbHNpdGVzLm1hbmFnZSBhbGxmaWxlcy53cml0ZSBhbGxmaWxlcy5yZWFkIiwidHQiOiIxIiwiaXBhZGRyIjoiMjAuMTkwLjE5MC4zMiJ9.-Fy--fpcbY3RHcd33DkAgy9z0bI8Zsa-xVlUhAzUba4&ApiVersion=2.0',55529727),('0167YEQWCHLN6HGVI5M5HLECKQZ247NGD3','0167YEQWC32NUYASTCWREYKXIJHDRGC2OI','openmrs_2023-05-24_150003.sql.gz','2023-05-24 12:02:04','https://cihebkenyaorg.sharepoint.com/sites/HealthInformatics-SYSTEMBACKUP/Shared%20Documents/SYSTEM%20BACKUP/EVENT%20MANAGER/CONNECT/KenyaEMR/BABADOGO_HC/openmrs_2023-05-24_150003.sql.gz','https://cihebkenyaorg.sharepoint.com/sites/HealthInformatics-SYSTEMBACKUP/_layouts/15/download.aspx?UniqueId=737c5b47-1d55-4e67-b209-50ceb9f6987b&Translate=false&tempauth=eyJ0eXAiOiJKV1QiLCJhbGciOiJIUzI1NiJ9.eyJhdWQiOiIwMDAwMDAwMy0wMDAwLTBmZjEtY2UwMC0wMDAwMDAwMDAwMDAvY2loZWJrZW55YW9yZy5zaGFyZXBvaW50LmNvbUAxYzE3NzcwZS1hMjY5LTQ1MTctYjI5Ni1jNzFlODQxOTY0NTQiLCJpc3MiOiIwMDAwMDAwMy0wMDAwLTBmZjEtY2UwMC0wMDAwMDAwMDAwMDAiLCJuYmYiOiIxNjg1OTU4NTQzIiwiZXhwIjoiMTY4NTk2MjE0MyIsImVuZHBvaW50dXJsIjoid2pOMmRUZ1MrWTcyUklHUjFQSzVvNXo1VGkxaWVaMWNUaTJ6cE8wdnpuVT0iLCJlbmRwb2ludHVybExlbmd0aCI6IjE2MSIsImlzbG9vcGJhY2siOiJUcnVlIiwiY2lkIjoiaDhmZWUvQnRiVTJ6QTk1NzZnSUlpQT09IiwidmVyIjoiaGFzaGVkcHJvb2Z0b2tlbiIsInNpdGVpZCI6IlptRTVaakZqWkRNdE5UTmpZeTAwWVRreUxUZzFOMkV0TldWbFptWmlZVEE0TnpSaSIsImFwcF9kaXNwbGF5bmFtZSI6IlNZU1RFTSBCQUNLVVAiLCJuYW1laWQiOiIzOTFlNTVjZC01Mjg3LTRlMjMtOWM4ZC00ZDY5MTc5NDRkMTJAMWMxNzc3MGUtYTI2OS00NTE3LWIyOTYtYzcxZTg0MTk2NDU0Iiwicm9sZXMiOiJhbGxzaXRlcy5yZWFkIGFsbHNpdGVzLndyaXRlIGFsbHNpdGVzLm1hbmFnZSBhbGxmaWxlcy53cml0ZSBhbGxmaWxlcy5yZWFkIiwidHQiOiIxIiwiaXBhZGRyIjoiMjAuMTkwLjE5MC4zMiJ9.eJu7LhmL7IdSs3pRnelR-dLJ_Ueem76XNOOvueNKBe0&ApiVersion=2.0',108665981),('0167YEQWCISKTUDMRYS5F3V2IJ745JER5L','0167YEQWC32NUYASTCWREYKXIJHDRGC2OI','openmrs_2023-05-07_150002.sql.gz','2023-05-07 12:02:14','https://cihebkenyaorg.sharepoint.com/sites/HealthInformatics-SYSTEMBACKUP/Shared%20Documents/SYSTEM%20BACKUP/EVENT%20MANAGER/CONNECT/KenyaEMR/BABADOGO_HC/openmrs_2023-05-07_150002.sql.gz','https://cihebkenyaorg.sharepoint.com/sites/HealthInformatics-SYSTEMBACKUP/_layouts/15/download.aspx?UniqueId=41a79248-38b2-4b97-bae9-09ff3a9247ab&Translate=false&tempauth=eyJ0eXAiOiJKV1QiLCJhbGciOiJIUzI1NiJ9.eyJhdWQiOiIwMDAwMDAwMy0wMDAwLTBmZjEtY2UwMC0wMDAwMDAwMDAwMDAvY2loZWJrZW55YW9yZy5zaGFyZXBvaW50LmNvbUAxYzE3NzcwZS1hMjY5LTQ1MTctYjI5Ni1jNzFlODQxOTY0NTQiLCJpc3MiOiIwMDAwMDAwMy0wMDAwLTBmZjEtY2UwMC0wMDAwMDAwMDAwMDAiLCJuYmYiOiIxNjg1OTU4NTQzIiwiZXhwIjoiMTY4NTk2MjE0MyIsImVuZHBvaW50dXJsIjoiaFVONW4yL1JDODAxZDRKVnJFSy9BcnQ5TVVJSnQxdVhnYzNqc3kvM3pXUT0iLCJlbmRwb2ludHVybExlbmd0aCI6IjE2MSIsImlzbG9vcGJhY2siOiJUcnVlIiwiY2lkIjoiaDhmZWUvQnRiVTJ6QTk1NzZnSUlpQT09IiwidmVyIjoiaGFzaGVkcHJvb2Z0b2tlbiIsInNpdGVpZCI6IlptRTVaakZqWkRNdE5UTmpZeTAwWVRreUxUZzFOMkV0TldWbFptWmlZVEE0TnpSaSIsImFwcF9kaXNwbGF5bmFtZSI6IlNZU1RFTSBCQUNLVVAiLCJuYW1laWQiOiIzOTFlNTVjZC01Mjg3LTRlMjMtOWM4ZC00ZDY5MTc5NDRkMTJAMWMxNzc3MGUtYTI2OS00NTE3LWIyOTYtYzcxZTg0MTk2NDU0Iiwicm9sZXMiOiJhbGxzaXRlcy5yZWFkIGFsbHNpdGVzLndyaXRlIGFsbHNpdGVzLm1hbmFnZSBhbGxmaWxlcy53cml0ZSBhbGxmaWxlcy5yZWFkIiwidHQiOiIxIiwiaXBhZGRyIjoiMjAuMTkwLjE5MC4zMiJ9.JZU05K2V3Ip4FU6rQavdEQY_zf3gLU90x1x2UsK7bU0&ApiVersion=2.0',104735532),('0167YEQWCKV62WT6TLB5H2BHMSUK74TTGP','0167YEQWC32NUYASTCWREYKXIJHDRGC2OI','openmrs_2023-05-11_150004.sql.gz','2023-05-11 12:02:33','https://cihebkenyaorg.sharepoint.com/sites/HealthInformatics-SYSTEMBACKUP/Shared%20Documents/SYSTEM%20BACKUP/EVENT%20MANAGER/CONNECT/KenyaEMR/BABADOGO_HC/openmrs_2023-05-11_150004.sql.gz','https://cihebkenyaorg.sharepoint.com/sites/HealthInformatics-SYSTEMBACKUP/_layouts/15/download.aspx?UniqueId=69b5af4a-6bfa-4f0f-a09d-92a2bfc9cccf&Translate=false&tempauth=eyJ0eXAiOiJKV1QiLCJhbGciOiJIUzI1NiJ9.eyJhdWQiOiIwMDAwMDAwMy0wMDAwLTBmZjEtY2UwMC0wMDAwMDAwMDAwMDAvY2loZWJrZW55YW9yZy5zaGFyZXBvaW50LmNvbUAxYzE3NzcwZS1hMjY5LTQ1MTctYjI5Ni1jNzFlODQxOTY0NTQiLCJpc3MiOiIwMDAwMDAwMy0wMDAwLTBmZjEtY2UwMC0wMDAwMDAwMDAwMDAiLCJuYmYiOiIxNjg1OTU4NTQzIiwiZXhwIjoiMTY4NTk2MjE0MyIsImVuZHBvaW50dXJsIjoiaXhlMWt3bEZIM3c4RUdWSkJvck1pRmdTeXY0d21IMFJxNzZtQ3BYeEhDST0iLCJlbmRwb2ludHVybExlbmd0aCI6IjE2MSIsImlzbG9vcGJhY2siOiJUcnVlIiwiY2lkIjoiaDhmZWUvQnRiVTJ6QTk1NzZnSUlpQT09IiwidmVyIjoiaGFzaGVkcHJvb2Z0b2tlbiIsInNpdGVpZCI6IlptRTVaakZqWkRNdE5UTmpZeTAwWVRreUxUZzFOMkV0TldWbFptWmlZVEE0TnpSaSIsImFwcF9kaXNwbGF5bmFtZSI6IlNZU1RFTSBCQUNLVVAiLCJuYW1laWQiOiIzOTFlNTVjZC01Mjg3LTRlMjMtOWM4ZC00ZDY5MTc5NDRkMTJAMWMxNzc3MGUtYTI2OS00NTE3LWIyOTYtYzcxZTg0MTk2NDU0Iiwicm9sZXMiOiJhbGxzaXRlcy5yZWFkIGFsbHNpdGVzLndyaXRlIGFsbHNpdGVzLm1hbmFnZSBhbGxmaWxlcy53cml0ZSBhbGxmaWxlcy5yZWFkIiwidHQiOiIxIiwiaXBhZGRyIjoiMjAuMTkwLjE5MC4zMiJ9.IaQ6nHY-W09mGNDu7X9LzrwmjeD10c2FKiOFJ-pVgmA&ApiVersion=2.0',105320932),('0167YEQWCKZPQIAMBGCFFJCXYEKOSZ22JO','0167YEQWC32NUYASTCWREYKXIJHDRGC2OI','openmrs_2023-05-08_150005.sql.gz','2023-05-08 12:02:49','https://cihebkenyaorg.sharepoint.com/sites/HealthInformatics-SYSTEMBACKUP/Shared%20Documents/SYSTEM%20BACKUP/EVENT%20MANAGER/CONNECT/KenyaEMR/BABADOGO_HC/openmrs_2023-05-08_150005.sql.gz','https://cihebkenyaorg.sharepoint.com/sites/HealthInformatics-SYSTEMBACKUP/_layouts/15/download.aspx?UniqueId=80e0cb4a-2630-4a11-915f-0453a59d692e&Translate=false&tempauth=eyJ0eXAiOiJKV1QiLCJhbGciOiJIUzI1NiJ9.eyJhdWQiOiIwMDAwMDAwMy0wMDAwLTBmZjEtY2UwMC0wMDAwMDAwMDAwMDAvY2loZWJrZW55YW9yZy5zaGFyZXBvaW50LmNvbUAxYzE3NzcwZS1hMjY5LTQ1MTctYjI5Ni1jNzFlODQxOTY0NTQiLCJpc3MiOiIwMDAwMDAwMy0wMDAwLTBmZjEtY2UwMC0wMDAwMDAwMDAwMDAiLCJuYmYiOiIxNjg1OTU4NTQzIiwiZXhwIjoiMTY4NTk2MjE0MyIsImVuZHBvaW50dXJsIjoiUTNhVWtweVdCNnV2cVFwL21Ka2JGZWJPWWoybmhINnpvbHNZaVlsTjNFbz0iLCJlbmRwb2ludHVybExlbmd0aCI6IjE2MSIsImlzbG9vcGJhY2siOiJUcnVlIiwiY2lkIjoiaDhmZWUvQnRiVTJ6QTk1NzZnSUlpQT09IiwidmVyIjoiaGFzaGVkcHJvb2Z0b2tlbiIsInNpdGVpZCI6IlptRTVaakZqWkRNdE5UTmpZeTAwWVRreUxUZzFOMkV0TldWbFptWmlZVEE0TnpSaSIsImFwcF9kaXNwbGF5bmFtZSI6IlNZU1RFTSBCQUNLVVAiLCJuYW1laWQiOiIzOTFlNTVjZC01Mjg3LTRlMjMtOWM4ZC00ZDY5MTc5NDRkMTJAMWMxNzc3MGUtYTI2OS00NTE3LWIyOTYtYzcxZTg0MTk2NDU0Iiwicm9sZXMiOiJhbGxzaXRlcy5yZWFkIGFsbHNpdGVzLndyaXRlIGFsbHNpdGVzLm1hbmFnZSBhbGxmaWxlcy53cml0ZSBhbGxmaWxlcy5yZWFkIiwidHQiOiIxIiwiaXBhZGRyIjoiMjAuMTkwLjE5MC4zMiJ9.Bm5_PTyx9oyAb5Y6gameAtkWpCEfraYQD0SEoJSno8g&ApiVersion=2.0',104970080),('0167YEQWCT72PCN3S6AFEI2LHXSMMIWQOC','0167YEQWBN4VQWC5CSFZHJMHCSYEDUUVW2','openmrs_2023-06-04_150003.sql.gz','2023-06-04 12:06:01','https://cihebkenyaorg.sharepoint.com/sites/HealthInformatics-SYSTEMBACKUP/Shared%20Documents/SYSTEM%20BACKUP/EVENT%20MANAGER/CONNECT/KenyaEMR/DANDORA_HC/openmrs_2023-06-04_150003.sql.gz','https://cihebkenyaorg.sharepoint.com/sites/HealthInformatics-SYSTEMBACKUP/_layouts/15/download.aspx?UniqueId=269efe53-5eee-4801-8d2c-f793188b41c2&Translate=false&tempauth=eyJ0eXAiOiJKV1QiLCJhbGciOiJIUzI1NiJ9.eyJhdWQiOiIwMDAwMDAwMy0wMDAwLTBmZjEtY2UwMC0wMDAwMDAwMDAwMDAvY2loZWJrZW55YW9yZy5zaGFyZXBvaW50LmNvbUAxYzE3NzcwZS1hMjY5LTQ1MTctYjI5Ni1jNzFlODQxOTY0NTQiLCJpc3MiOiIwMDAwMDAwMy0wMDAwLTBmZjEtY2UwMC0wMDAwMDAwMDAwMDAiLCJuYmYiOiIxNjg1OTU4NTI3IiwiZXhwIjoiMTY4NTk2MjEyNyIsImVuZHBvaW50dXJsIjoiTDBXRFI5RFJRcEVHUDJjMmJPb04vYW1VWk8xdmdUS2w1aXc0VWYwUTlsTT0iLCJlbmRwb2ludHVybExlbmd0aCI6IjE2MSIsImlzbG9vcGJhY2siOiJUcnVlIiwiY2lkIjoiN3dEcVFELzNqRWlqQm9ob1g5OGlPQT09IiwidmVyIjoiaGFzaGVkcHJvb2Z0b2tlbiIsInNpdGVpZCI6IlptRTVaakZqWkRNdE5UTmpZeTAwWVRreUxUZzFOMkV0TldWbFptWmlZVEE0TnpSaSIsImFwcF9kaXNwbGF5bmFtZSI6IlNZU1RFTSBCQUNLVVAiLCJuYW1laWQiOiIzOTFlNTVjZC01Mjg3LTRlMjMtOWM4ZC00ZDY5MTc5NDRkMTJAMWMxNzc3MGUtYTI2OS00NTE3LWIyOTYtYzcxZTg0MTk2NDU0Iiwicm9sZXMiOiJhbGxzaXRlcy5yZWFkIGFsbHNpdGVzLndyaXRlIGFsbHNpdGVzLm1hbmFnZSBhbGxmaWxlcy53cml0ZSBhbGxmaWxlcy5yZWFkIiwidHQiOiIxIiwiaXBhZGRyIjoiMjAuMTkwLjE5MC4zMiJ9.OaDMCIw-GIXBwj2KGBEZMaM_ZeYpKINXzx15fNHCno4&ApiVersion=2.0',82499777),('0167YEQWCTGZZXQCLVDNCKMSSSGH4JZEIZ','0167YEQWBWKTCQ5YLVIFCYTDJ73DEVDWKM','openmrs_2023-05-13_140002.sql.gz','2023-05-13 11:27:40','https://cihebkenyaorg.sharepoint.com/sites/HealthInformatics-SYSTEMBACKUP/Shared%20Documents/SYSTEM%20BACKUP/EVENT%20MANAGER/CONNECT/KenyaEMR/EASTLEIGH_HC/openmrs_2023-05-13_140002.sql.gz','https://cihebkenyaorg.sharepoint.com/sites/HealthInformatics-SYSTEMBACKUP/_layouts/15/download.aspx?UniqueId=78733653-7509-441b-a64a-5231f89c9119&Translate=false&tempauth=eyJ0eXAiOiJKV1QiLCJhbGciOiJIUzI1NiJ9.eyJhdWQiOiIwMDAwMDAwMy0wMDAwLTBmZjEtY2UwMC0wMDAwMDAwMDAwMDAvY2loZWJrZW55YW9yZy5zaGFyZXBvaW50LmNvbUAxYzE3NzcwZS1hMjY5LTQ1MTctYjI5Ni1jNzFlODQxOTY0NTQiLCJpc3MiOiIwMDAwMDAwMy0wMDAwLTBmZjEtY2UwMC0wMDAwMDAwMDAwMDAiLCJuYmYiOiIxNjg1OTU4NTM2IiwiZXhwIjoiMTY4NTk2MjEzNiIsImVuZHBvaW50dXJsIjoiQ2FvSzRCSFp4bXFwQlZQaHFNdTlRcmNYOFRreHpEa0xTMDdvVUxMQWdCWT0iLCJlbmRwb2ludHVybExlbmd0aCI6IjE2MSIsImlzbG9vcGJhY2siOiJUcnVlIiwiY2lkIjoiSno1WXFDTkRGVTZibjFOR0xOZ0Qrdz09IiwidmVyIjoiaGFzaGVkcHJvb2Z0b2tlbiIsInNpdGVpZCI6IlptRTVaakZqWkRNdE5UTmpZeTAwWVRreUxUZzFOMkV0TldWbFptWmlZVEE0TnpSaSIsImFwcF9kaXNwbGF5bmFtZSI6IlNZU1RFTSBCQUNLVVAiLCJuYW1laWQiOiIzOTFlNTVjZC01Mjg3LTRlMjMtOWM4ZC00ZDY5MTc5NDRkMTJAMWMxNzc3MGUtYTI2OS00NTE3LWIyOTYtYzcxZTg0MTk2NDU0Iiwicm9sZXMiOiJhbGxzaXRlcy5yZWFkIGFsbHNpdGVzLndyaXRlIGFsbHNpdGVzLm1hbmFnZSBhbGxmaWxlcy53cml0ZSBhbGxmaWxlcy5yZWFkIiwidHQiOiIxIiwiaXBhZGRyIjoiMjAuMTkwLjE5MC4zMiJ9.IVQccRggNlKZYHoXcAIm5qDPY11iKXbN0G4jRJUd2C0&ApiVersion=2.0',58401824),('0167YEQWCVT5V6RRS2TNH3Y3NKPLEHMZLK','0167YEQWBN4VQWC5CSFZHJMHCSYEDUUVW2','crims_live_2023-05-03_220001_1686056526.sql_1686056526.7z','2023-06-06 10:04:43','https://cihebkenyaorg.sharepoint.com/sites/HealthInformatics-SYSTEMBACKUP/Shared%20Documents/SYSTEM%20BACKUP/EVENT%20MANAGER/CONNECT/KenyaEMR/DANDORA_HC/crims_live_2023-05-03_220001_1686056526.sql_1686056526.7z','https://cihebkenyaorg.sharepoint.com/sites/HealthInformatics-SYSTEMBACKUP/_layouts/15/download.aspx?UniqueId=e86b9f55-5ac6-4f9b-bc6d-aa7ac876656a&Translate=false&tempauth=eyJ0eXAiOiJKV1QiLCJhbGciOiJIUzI1NiJ9.eyJhdWQiOiIwMDAwMDAwMy0wMDAwLTBmZjEtY2UwMC0wMDAwMDAwMDAwMDAvY2loZWJrZW55YW9yZy5zaGFyZXBvaW50LmNvbUAxYzE3NzcwZS1hMjY5LTQ1MTctYjI5Ni1jNzFlODQxOTY0NTQiLCJpc3MiOiIwMDAwMDAwMy0wMDAwLTBmZjEtY2UwMC0wMDAwMDAwMDAwMDAiLCJuYmYiOiIxNjg2MDU2Njg0IiwiZXhwIjoiMTY4NjA2MDI4NCIsImVuZHBvaW50dXJsIjoia0FVRzRLR0lndEZyaEY2MXFkMG9wd0d1ZzA0aWZ6b05xWnJPRTNHam9Lbz0iLCJlbmRwb2ludHVybExlbmd0aCI6IjE2MSIsImlzbG9vcGJhY2siOiJUcnVlIiwiY2lkIjoiUjY5d0JFYUF5a2U4SmpzS0hxeVNYUT09IiwidmVyIjoiaGFzaGVkcHJvb2Z0b2tlbiIsInNpdGVpZCI6IlptRTVaakZqWkRNdE5UTmpZeTAwWVRreUxUZzFOMkV0TldWbFptWmlZVEE0TnpSaSIsImFwcF9kaXNwbGF5bmFtZSI6IlNZU1RFTSBCQUNLVVAiLCJuYW1laWQiOiIzOTFlNTVjZC01Mjg3LTRlMjMtOWM4ZC00ZDY5MTc5NDRkMTJAMWMxNzc3MGUtYTI2OS00NTE3LWIyOTYtYzcxZTg0MTk2NDU0Iiwicm9sZXMiOiJhbGxzaXRlcy5yZWFkIGFsbHNpdGVzLndyaXRlIGFsbHNpdGVzLm1hbmFnZSBhbGxmaWxlcy53cml0ZSBhbGxmaWxlcy5yZWFkIiwidHQiOiIxIiwiaXBhZGRyIjoiMjAuMTkwLjE5MC4zMyJ9.Cs3qw652dvmk7CnJJ5HY9SgfOJhK8nAZCNMJc3PQi38&ApiVersion=2.0',260566362),('0167YEQWCWY6NCPZ4PNZGLWYKYMFJEJNE5','0167YEQWBWKTCQ5YLVIFCYTDJ73DEVDWKM','openmrs_2023-04-15_140001.sql.gz','2023-04-15 11:30:33','https://cihebkenyaorg.sharepoint.com/sites/HealthInformatics-SYSTEMBACKUP/Shared%20Documents/SYSTEM%20BACKUP/EVENT%20MANAGER/CONNECT/KenyaEMR/EASTLEIGH_HC/openmrs_2023-04-15_140001.sql.gz','https://cihebkenyaorg.sharepoint.com/sites/HealthInformatics-SYSTEMBACKUP/_layouts/15/download.aspx?UniqueId=279ac756-8fe7-4c6e-bb61-58615244b49d&Translate=false&tempauth=eyJ0eXAiOiJKV1QiLCJhbGciOiJIUzI1NiJ9.eyJhdWQiOiIwMDAwMDAwMy0wMDAwLTBmZjEtY2UwMC0wMDAwMDAwMDAwMDAvY2loZWJrZW55YW9yZy5zaGFyZXBvaW50LmNvbUAxYzE3NzcwZS1hMjY5LTQ1MTctYjI5Ni1jNzFlODQxOTY0NTQiLCJpc3MiOiIwMDAwMDAwMy0wMDAwLTBmZjEtY2UwMC0wMDAwMDAwMDAwMDAiLCJuYmYiOiIxNjg1OTU4NTM2IiwiZXhwIjoiMTY4NTk2MjEzNiIsImVuZHBvaW50dXJsIjoia3ppaktoRm85SDZrNk1PMUw5NTBJYTJzcFlaVnJnb1FpTU9nODBQSGxMbz0iLCJlbmRwb2ludHVybExlbmd0aCI6IjE2MSIsImlzbG9vcGJhY2siOiJUcnVlIiwiY2lkIjoiSno1WXFDTkRGVTZibjFOR0xOZ0Qrdz09IiwidmVyIjoiaGFzaGVkcHJvb2Z0b2tlbiIsInNpdGVpZCI6IlptRTVaakZqWkRNdE5UTmpZeTAwWVRreUxUZzFOMkV0TldWbFptWmlZVEE0TnpSaSIsImFwcF9kaXNwbGF5bmFtZSI6IlNZU1RFTSBCQUNLVVAiLCJuYW1laWQiOiIzOTFlNTVjZC01Mjg3LTRlMjMtOWM4ZC00ZDY5MTc5NDRkMTJAMWMxNzc3MGUtYTI2OS00NTE3LWIyOTYtYzcxZTg0MTk2NDU0Iiwicm9sZXMiOiJhbGxzaXRlcy5yZWFkIGFsbHNpdGVzLndyaXRlIGFsbHNpdGVzLm1hbmFnZSBhbGxmaWxlcy53cml0ZSBhbGxmaWxlcy5yZWFkIiwidHQiOiIxIiwiaXBhZGRyIjoiMjAuMTkwLjE5MC4zMiJ9.BRSB_FRW83zwJqYCL2uBzegUWcSjQjSubfBSJ3AH4FU&ApiVersion=2.0',56752876),('0167YEQWCXTQCIHPHM25FKX5KRFZPDNENO','0167YEQWC32NUYASTCWREYKXIJHDRGC2OI','openmrs_2023-05-31_150003.sql.gz','2023-05-31 12:02:19','https://cihebkenyaorg.sharepoint.com/sites/HealthInformatics-SYSTEMBACKUP/Shared%20Documents/SYSTEM%20BACKUP/EVENT%20MANAGER/CONNECT/KenyaEMR/BABADOGO_HC/openmrs_2023-05-31_150003.sql.gz','https://cihebkenyaorg.sharepoint.com/sites/HealthInformatics-SYSTEMBACKUP/_layouts/15/download.aspx?UniqueId=83049c57-ecbc-4ad7-abf5-512e5e3691ae&Translate=false&tempauth=eyJ0eXAiOiJKV1QiLCJhbGciOiJIUzI1NiJ9.eyJhdWQiOiIwMDAwMDAwMy0wMDAwLTBmZjEtY2UwMC0wMDAwMDAwMDAwMDAvY2loZWJrZW55YW9yZy5zaGFyZXBvaW50LmNvbUAxYzE3NzcwZS1hMjY5LTQ1MTctYjI5Ni1jNzFlODQxOTY0NTQiLCJpc3MiOiIwMDAwMDAwMy0wMDAwLTBmZjEtY2UwMC0wMDAwMDAwMDAwMDAiLCJuYmYiOiIxNjg1OTU4NTQzIiwiZXhwIjoiMTY4NTk2MjE0MyIsImVuZHBvaW50dXJsIjoiYUlOTXZsOFJ5bjMrOGx0cWxCaE8ra1lkVlJkRjcrSEIyaEVxZXE2ZWpRST0iLCJlbmRwb2ludHVybExlbmd0aCI6IjE2MSIsImlzbG9vcGJhY2siOiJUcnVlIiwiY2lkIjoiaDhmZWUvQnRiVTJ6QTk1NzZnSUlpQT09IiwidmVyIjoiaGFzaGVkcHJvb2Z0b2tlbiIsInNpdGVpZCI6IlptRTVaakZqWkRNdE5UTmpZeTAwWVRreUxUZzFOMkV0TldWbFptWmlZVEE0TnpSaSIsImFwcF9kaXNwbGF5bmFtZSI6IlNZU1RFTSBCQUNLVVAiLCJuYW1laWQiOiIzOTFlNTVjZC01Mjg3LTRlMjMtOWM4ZC00ZDY5MTc5NDRkMTJAMWMxNzc3MGUtYTI2OS00NTE3LWIyOTYtYzcxZTg0MTk2NDU0Iiwicm9sZXMiOiJhbGxzaXRlcy5yZWFkIGFsbHNpdGVzLndyaXRlIGFsbHNpdGVzLm1hbmFnZSBhbGxmaWxlcy53cml0ZSBhbGxmaWxlcy5yZWFkIiwidHQiOiIxIiwiaXBhZGRyIjoiMjAuMTkwLjE5MC4zMiJ9.oed6N94Ae39gpuYsaEU2Biqhl555nxdqS4E-sTqCquE&ApiVersion=2.0',110128110),('0167YEQWD3RSYZYG4OKNFL6PZTBDDOLRCS','0167YEQWBN4VQWC5CSFZHJMHCSYEDUUVW2','openmrs_2023-06-02_150001.sql.gz','2023-06-02 12:04:56','https://cihebkenyaorg.sharepoint.com/sites/HealthInformatics-SYSTEMBACKUP/Shared%20Documents/SYSTEM%20BACKUP/EVENT%20MANAGER/CONNECT/KenyaEMR/DANDORA_HC/openmrs_2023-06-02_150001.sql.gz','https://cihebkenyaorg.sharepoint.com/sites/HealthInformatics-SYSTEMBACKUP/_layouts/15/download.aspx?UniqueId=9cb18c7b-8e1b-4a53-bf3f-3308c6e5c452&Translate=false&tempauth=eyJ0eXAiOiJKV1QiLCJhbGciOiJIUzI1NiJ9.eyJhdWQiOiIwMDAwMDAwMy0wMDAwLTBmZjEtY2UwMC0wMDAwMDAwMDAwMDAvY2loZWJrZW55YW9yZy5zaGFyZXBvaW50LmNvbUAxYzE3NzcwZS1hMjY5LTQ1MTctYjI5Ni1jNzFlODQxOTY0NTQiLCJpc3MiOiIwMDAwMDAwMy0wMDAwLTBmZjEtY2UwMC0wMDAwMDAwMDAwMDAiLCJuYmYiOiIxNjg1OTU4NTI3IiwiZXhwIjoiMTY4NTk2MjEyNyIsImVuZHBvaW50dXJsIjoieTVqQnVWd1RkRTQ1UkdHL0paSDNqN2h3R1MrM0F2S3g5TFpia0ZWVzdWOD0iLCJlbmRwb2ludHVybExlbmd0aCI6IjE2MSIsImlzbG9vcGJhY2siOiJUcnVlIiwiY2lkIjoiN3dEcVFELzNqRWlqQm9ob1g5OGlPQT09IiwidmVyIjoiaGFzaGVkcHJvb2Z0b2tlbiIsInNpdGVpZCI6IlptRTVaakZqWkRNdE5UTmpZeTAwWVRreUxUZzFOMkV0TldWbFptWmlZVEE0TnpSaSIsImFwcF9kaXNwbGF5bmFtZSI6IlNZU1RFTSBCQUNLVVAiLCJuYW1laWQiOiIzOTFlNTVjZC01Mjg3LTRlMjMtOWM4ZC00ZDY5MTc5NDRkMTJAMWMxNzc3MGUtYTI2OS00NTE3LWIyOTYtYzcxZTg0MTk2NDU0Iiwicm9sZXMiOiJhbGxzaXRlcy5yZWFkIGFsbHNpdGVzLndyaXRlIGFsbHNpdGVzLm1hbmFnZSBhbGxmaWxlcy53cml0ZSBhbGxmaWxlcy5yZWFkIiwidHQiOiIxIiwiaXBhZGRyIjoiMjAuMTkwLjE5MC4zMiJ9.XfiD37fVnJ2Xy8C-Vtd37ahI4Tq_FAf3ESQhUT5Xw3s&ApiVersion=2.0',82493601),('0167YEQWD3XNLZKGWZABBZRRN3EPCY3O3I','0167YEQWBWKTCQ5YLVIFCYTDJ73DEVDWKM','openmrs_2023-05-20_140001.sql.gz','2023-05-20 11:31:44','https://cihebkenyaorg.sharepoint.com/sites/HealthInformatics-SYSTEMBACKUP/Shared%20Documents/SYSTEM%20BACKUP/EVENT%20MANAGER/CONNECT/KenyaEMR/EASTLEIGH_HC/openmrs_2023-05-20_140001.sql.gz','https://cihebkenyaorg.sharepoint.com/sites/HealthInformatics-SYSTEMBACKUP/_layouts/15/download.aspx?UniqueId=9557bb7b-d91a-4300-98c5-bb23c58dbb68&Translate=false&tempauth=eyJ0eXAiOiJKV1QiLCJhbGciOiJIUzI1NiJ9.eyJhdWQiOiIwMDAwMDAwMy0wMDAwLTBmZjEtY2UwMC0wMDAwMDAwMDAwMDAvY2loZWJrZW55YW9yZy5zaGFyZXBvaW50LmNvbUAxYzE3NzcwZS1hMjY5LTQ1MTctYjI5Ni1jNzFlODQxOTY0NTQiLCJpc3MiOiIwMDAwMDAwMy0wMDAwLTBmZjEtY2UwMC0wMDAwMDAwMDAwMDAiLCJuYmYiOiIxNjg1OTU4NTM2IiwiZXhwIjoiMTY4NTk2MjEzNiIsImVuZHBvaW50dXJsIjoiWlJsNk0rK1VVZ3QranlpMzEzNXcva3J1ZTNYVmx4M0VNWU0yMDliYzNMYz0iLCJlbmRwb2ludHVybExlbmd0aCI6IjE2MSIsImlzbG9vcGJhY2siOiJUcnVlIiwiY2lkIjoiSno1WXFDTkRGVTZibjFOR0xOZ0Qrdz09IiwidmVyIjoiaGFzaGVkcHJvb2Z0b2tlbiIsInNpdGVpZCI6IlptRTVaakZqWkRNdE5UTmpZeTAwWVRreUxUZzFOMkV0TldWbFptWmlZVEE0TnpSaSIsImFwcF9kaXNwbGF5bmFtZSI6IlNZU1RFTSBCQUNLVVAiLCJuYW1laWQiOiIzOTFlNTVjZC01Mjg3LTRlMjMtOWM4ZC00ZDY5MTc5NDRkMTJAMWMxNzc3MGUtYTI2OS00NTE3LWIyOTYtYzcxZTg0MTk2NDU0Iiwicm9sZXMiOiJhbGxzaXRlcy5yZWFkIGFsbHNpdGVzLndyaXRlIGFsbHNpdGVzLm1hbmFnZSBhbGxmaWxlcy53cml0ZSBhbGxmaWxlcy5yZWFkIiwidHQiOiIxIiwiaXBhZGRyIjoiMjAuMTkwLjE5MC4zMiJ9.nKXacjmndMaAPi02jBzq3h7zVXJ6Lh313dRwU2qP2Wg&ApiVersion=2.0',58671661),('0167YEQWD5B6LHPU4SGVELYDYEFUOWW3O7','0167YEQWC32NUYASTCWREYKXIJHDRGC2OI','openmrs_2023-05-15_150002.sql.gz','2023-05-15 12:02:20','https://cihebkenyaorg.sharepoint.com/sites/HealthInformatics-SYSTEMBACKUP/Shared%20Documents/SYSTEM%20BACKUP/EVENT%20MANAGER/CONNECT/KenyaEMR/BABADOGO_HC/openmrs_2023-05-15_150002.sql.gz','https://cihebkenyaorg.sharepoint.com/sites/HealthInformatics-SYSTEMBACKUP/_layouts/15/download.aspx?UniqueId=77960f7d-92d3-4835-bc0f-042d1d6b6ddf&Translate=false&tempauth=eyJ0eXAiOiJKV1QiLCJhbGciOiJIUzI1NiJ9.eyJhdWQiOiIwMDAwMDAwMy0wMDAwLTBmZjEtY2UwMC0wMDAwMDAwMDAwMDAvY2loZWJrZW55YW9yZy5zaGFyZXBvaW50LmNvbUAxYzE3NzcwZS1hMjY5LTQ1MTctYjI5Ni1jNzFlODQxOTY0NTQiLCJpc3MiOiIwMDAwMDAwMy0wMDAwLTBmZjEtY2UwMC0wMDAwMDAwMDAwMDAiLCJuYmYiOiIxNjg1OTU4NTQzIiwiZXhwIjoiMTY4NTk2MjE0MyIsImVuZHBvaW50dXJsIjoib081RG44YnhkSnpZY0IrdkdSSzhoQnlaVU5vVExVcFpBdWJDWkcvRVpvdz0iLCJlbmRwb2ludHVybExlbmd0aCI6IjE2MSIsImlzbG9vcGJhY2siOiJUcnVlIiwiY2lkIjoiaDhmZWUvQnRiVTJ6QTk1NzZnSUlpQT09IiwidmVyIjoiaGFzaGVkcHJvb2Z0b2tlbiIsInNpdGVpZCI6IlptRTVaakZqWkRNdE5UTmpZeTAwWVRreUxUZzFOMkV0TldWbFptWmlZVEE0TnpSaSIsImFwcF9kaXNwbGF5bmFtZSI6IlNZU1RFTSBCQUNLVVAiLCJuYW1laWQiOiIzOTFlNTVjZC01Mjg3LTRlMjMtOWM4ZC00ZDY5MTc5NDRkMTJAMWMxNzc3MGUtYTI2OS00NTE3LWIyOTYtYzcxZTg0MTk2NDU0Iiwicm9sZXMiOiJhbGxzaXRlcy5yZWFkIGFsbHNpdGVzLndyaXRlIGFsbHNpdGVzLm1hbmFnZSBhbGxmaWxlcy53cml0ZSBhbGxmaWxlcy5yZWFkIiwidHQiOiIxIiwiaXBhZGRyIjoiMjAuMTkwLjE5MC4zMiJ9.DkkY6OPP9j6f7cBiSlAhoBwuSiYBeOaDxVcPi-Jd730&ApiVersion=2.0',106244913),('0167YEQWD5HBTJLSQ77JFYAQY5N3ELN6CF','0167YEQWC32NUYASTCWREYKXIJHDRGC2OI','openmrs_2023-05-20_150002.sql.gz','2023-05-20 12:02:05','https://cihebkenyaorg.sharepoint.com/sites/HealthInformatics-SYSTEMBACKUP/Shared%20Documents/SYSTEM%20BACKUP/EVENT%20MANAGER/CONNECT/KenyaEMR/BABADOGO_HC/openmrs_2023-05-20_150002.sql.gz','https://cihebkenyaorg.sharepoint.com/sites/HealthInformatics-SYSTEMBACKUP/_layouts/15/download.aspx?UniqueId=9566387d-1fca-4bfa-8043-1d6ec8b6f845&Translate=false&tempauth=eyJ0eXAiOiJKV1QiLCJhbGciOiJIUzI1NiJ9.eyJhdWQiOiIwMDAwMDAwMy0wMDAwLTBmZjEtY2UwMC0wMDAwMDAwMDAwMDAvY2loZWJrZW55YW9yZy5zaGFyZXBvaW50LmNvbUAxYzE3NzcwZS1hMjY5LTQ1MTctYjI5Ni1jNzFlODQxOTY0NTQiLCJpc3MiOiIwMDAwMDAwMy0wMDAwLTBmZjEtY2UwMC0wMDAwMDAwMDAwMDAiLCJuYmYiOiIxNjg1OTU4NTQzIiwiZXhwIjoiMTY4NTk2MjE0MyIsImVuZHBvaW50dXJsIjoieVI1SDMyUEdCbzlXWmhSQVBsYmtUcVVYeVlsdC9tTmE2OHpsVnFXTEZMRT0iLCJlbmRwb2ludHVybExlbmd0aCI6IjE2MSIsImlzbG9vcGJhY2siOiJUcnVlIiwiY2lkIjoiaDhmZWUvQnRiVTJ6QTk1NzZnSUlpQT09IiwidmVyIjoiaGFzaGVkcHJvb2Z0b2tlbiIsInNpdGVpZCI6IlptRTVaakZqWkRNdE5UTmpZeTAwWVRreUxUZzFOMkV0TldWbFptWmlZVEE0TnpSaSIsImFwcF9kaXNwbGF5bmFtZSI6IlNZU1RFTSBCQUNLVVAiLCJuYW1laWQiOiIzOTFlNTVjZC01Mjg3LTRlMjMtOWM4ZC00ZDY5MTc5NDRkMTJAMWMxNzc3MGUtYTI2OS00NTE3LWIyOTYtYzcxZTg0MTk2NDU0Iiwicm9sZXMiOiJhbGxzaXRlcy5yZWFkIGFsbHNpdGVzLndyaXRlIGFsbHNpdGVzLm1hbmFnZSBhbGxmaWxlcy53cml0ZSBhbGxmaWxlcy5yZWFkIiwidHQiOiIxIiwiaXBhZGRyIjoiMjAuMTkwLjE5MC4zMiJ9.v9j12QZXgKpNNLo0A1KyHf4Whe5BQMYXSjUw61Jf3us&ApiVersion=2.0',107483281),('0167YEQWD7PQY6VFNQSFHZ7Z3TCBYKVCVR','0167YEQWBN4VQWC5CSFZHJMHCSYEDUUVW2','openmrs_2023-05-28_150003.sql.gz','2023-05-28 12:07:53','https://cihebkenyaorg.sharepoint.com/sites/HealthInformatics-SYSTEMBACKUP/Shared%20Documents/SYSTEM%20BACKUP/EVENT%20MANAGER/CONNECT/KenyaEMR/DANDORA_HC/openmrs_2023-05-28_150003.sql.gz','https://cihebkenyaorg.sharepoint.com/sites/HealthInformatics-SYSTEMBACKUP/_layouts/15/download.aspx?UniqueId=ea317c7f-b095-4f91-9fe7-731070aa8ab1&Translate=false&tempauth=eyJ0eXAiOiJKV1QiLCJhbGciOiJIUzI1NiJ9.eyJhdWQiOiIwMDAwMDAwMy0wMDAwLTBmZjEtY2UwMC0wMDAwMDAwMDAwMDAvY2loZWJrZW55YW9yZy5zaGFyZXBvaW50LmNvbUAxYzE3NzcwZS1hMjY5LTQ1MTctYjI5Ni1jNzFlODQxOTY0NTQiLCJpc3MiOiIwMDAwMDAwMy0wMDAwLTBmZjEtY2UwMC0wMDAwMDAwMDAwMDAiLCJuYmYiOiIxNjg1OTU4NTI3IiwiZXhwIjoiMTY4NTk2MjEyNyIsImVuZHBvaW50dXJsIjoiU0phcDQ5ZlFSSjJVNEFsN3dmbVljalUvNUh4OHRmdUcxUDF0SklnNVRZYz0iLCJlbmRwb2ludHVybExlbmd0aCI6IjE2MSIsImlzbG9vcGJhY2siOiJUcnVlIiwiY2lkIjoiN3dEcVFELzNqRWlqQm9ob1g5OGlPQT09IiwidmVyIjoiaGFzaGVkcHJvb2Z0b2tlbiIsInNpdGVpZCI6IlptRTVaakZqWkRNdE5UTmpZeTAwWVRreUxUZzFOMkV0TldWbFptWmlZVEE0TnpSaSIsImFwcF9kaXNwbGF5bmFtZSI6IlNZU1RFTSBCQUNLVVAiLCJuYW1laWQiOiIzOTFlNTVjZC01Mjg3LTRlMjMtOWM4ZC00ZDY5MTc5NDRkMTJAMWMxNzc3MGUtYTI2OS00NTE3LWIyOTYtYzcxZTg0MTk2NDU0Iiwicm9sZXMiOiJhbGxzaXRlcy5yZWFkIGFsbHNpdGVzLndyaXRlIGFsbHNpdGVzLm1hbmFnZSBhbGxmaWxlcy53cml0ZSBhbGxmaWxlcy5yZWFkIiwidHQiOiIxIiwiaXBhZGRyIjoiMjAuMTkwLjE5MC4zMiJ9.vnQ1TAAcQcSF_lLEHi1r4xCFkboiF-kvxgmleI6amaQ&ApiVersion=2.0',81680685),('0167YEQWDB5O6MR2Z625DJ425QBIUC573S','0167YEQWC32NUYASTCWREYKXIJHDRGC2OI','openmrs_2023-05-29_150005.sql.gz','2023-05-29 12:02:20','https://cihebkenyaorg.sharepoint.com/sites/HealthInformatics-SYSTEMBACKUP/Shared%20Documents/SYSTEM%20BACKUP/EVENT%20MANAGER/CONNECT/KenyaEMR/BABADOGO_HC/openmrs_2023-05-29_150005.sql.gz','https://cihebkenyaorg.sharepoint.com/sites/HealthInformatics-SYSTEMBACKUP/_layouts/15/download.aspx?UniqueId=c8bceb61-3eeb-46d7-9e6b-b00a282eff72&Translate=false&tempauth=eyJ0eXAiOiJKV1QiLCJhbGciOiJIUzI1NiJ9.eyJhdWQiOiIwMDAwMDAwMy0wMDAwLTBmZjEtY2UwMC0wMDAwMDAwMDAwMDAvY2loZWJrZW55YW9yZy5zaGFyZXBvaW50LmNvbUAxYzE3NzcwZS1hMjY5LTQ1MTctYjI5Ni1jNzFlODQxOTY0NTQiLCJpc3MiOiIwMDAwMDAwMy0wMDAwLTBmZjEtY2UwMC0wMDAwMDAwMDAwMDAiLCJuYmYiOiIxNjg1OTU4NTQzIiwiZXhwIjoiMTY4NTk2MjE0MyIsImVuZHBvaW50dXJsIjoiK05yN1ZJbkx0WjBxVzdSQy9RQ25CeGh0OVNlRkd3RHd2SjVnQ1EyM2swVT0iLCJlbmRwb2ludHVybExlbmd0aCI6IjE2MSIsImlzbG9vcGJhY2siOiJUcnVlIiwiY2lkIjoiaDhmZWUvQnRiVTJ6QTk1NzZnSUlpQT09IiwidmVyIjoiaGFzaGVkcHJvb2Z0b2tlbiIsInNpdGVpZCI6IlptRTVaakZqWkRNdE5UTmpZeTAwWVRreUxUZzFOMkV0TldWbFptWmlZVEE0TnpSaSIsImFwcF9kaXNwbGF5bmFtZSI6IlNZU1RFTSBCQUNLVVAiLCJuYW1laWQiOiIzOTFlNTVjZC01Mjg3LTRlMjMtOWM4ZC00ZDY5MTc5NDRkMTJAMWMxNzc3MGUtYTI2OS00NTE3LWIyOTYtYzcxZTg0MTk2NDU0Iiwicm9sZXMiOiJhbGxzaXRlcy5yZWFkIGFsbHNpdGVzLndyaXRlIGFsbHNpdGVzLm1hbmFnZSBhbGxmaWxlcy53cml0ZSBhbGxmaWxlcy5yZWFkIiwidHQiOiIxIiwiaXBhZGRyIjoiMjAuMTkwLjE5MC4zMiJ9.mhkrquGAXI8k-LMvgxJl902gZcwdrEXi-5Xb3TfLclU&ApiVersion=2.0',109545660),('0167YEQWDD4PQZQM3QBJEY4ZHU3QM44BVW','0167YEQWAJ7PZMFVVG4JFYHI5534FBGDPA','crims_live_2023-04-30_220001.sql.7z','2023-04-30 19:21:53','https://cihebkenyaorg.sharepoint.com/sites/HealthInformatics-SYSTEMBACKUP/Shared%20Documents/SYSTEM%20BACKUP/EVENT%20MANAGER/CRIMS/BACKUP/crims_live_2023-04-30_220001.sql.7z','https://cihebkenyaorg.sharepoint.com/sites/HealthInformatics-SYSTEMBACKUP/_layouts/15/download.aspx?UniqueId=98e1e363-7033-490a-8e64-f4dc19ce06b6&Translate=false&tempauth=eyJ0eXAiOiJKV1QiLCJhbGciOiJIUzI1NiJ9.eyJhdWQiOiIwMDAwMDAwMy0wMDAwLTBmZjEtY2UwMC0wMDAwMDAwMDAwMDAvY2loZWJrZW55YW9yZy5zaGFyZXBvaW50LmNvbUAxYzE3NzcwZS1hMjY5LTQ1MTctYjI5Ni1jNzFlODQxOTY0NTQiLCJpc3MiOiIwMDAwMDAwMy0wMDAwLTBmZjEtY2UwMC0wMDAwMDAwMDAwMDAiLCJuYmYiOiIxNjg1OTU4NTQ2IiwiZXhwIjoiMTY4NTk2MjE0NiIsImVuZHBvaW50dXJsIjoib3lxV01IazllZFNaMERmSlFkUjhQM2RqcURpa3haK3pwSmF1Q2ZMZ0hXbz0iLCJlbmRwb2ludHVybExlbmd0aCI6IjE2MSIsImlzbG9vcGJhY2siOiJUcnVlIiwiY2lkIjoiak9ubWluMWF0a1dOaGpSQ0ZNTmNQUT09IiwidmVyIjoiaGFzaGVkcHJvb2Z0b2tlbiIsInNpdGVpZCI6IlptRTVaakZqWkRNdE5UTmpZeTAwWVRreUxUZzFOMkV0TldWbFptWmlZVEE0TnpSaSIsImFwcF9kaXNwbGF5bmFtZSI6IlNZU1RFTSBCQUNLVVAiLCJuYW1laWQiOiIzOTFlNTVjZC01Mjg3LTRlMjMtOWM4ZC00ZDY5MTc5NDRkMTJAMWMxNzc3MGUtYTI2OS00NTE3LWIyOTYtYzcxZTg0MTk2NDU0Iiwicm9sZXMiOiJhbGxzaXRlcy5yZWFkIGFsbHNpdGVzLndyaXRlIGFsbHNpdGVzLm1hbmFnZSBhbGxmaWxlcy53cml0ZSBhbGxmaWxlcy5yZWFkIiwidHQiOiIxIiwiaXBhZGRyIjoiMjAuMTkwLjE5MC4zMiJ9.tTXVW02jGmzcy3m_9zfsegK7uKcmh9oQMbWzdcO5t3E&ApiVersion=2.0',259829137),('0167YEQWDENSATITEAO5ELTXPEDBX3C7M2','0167YEQWAJ7PZMFVVG4JFYHI5534FBGDPA','crims_live_2023-04-26_220002.sql.7z','2023-04-26 19:21:36','https://cihebkenyaorg.sharepoint.com/sites/HealthInformatics-SYSTEMBACKUP/Shared%20Documents/SYSTEM%20BACKUP/EVENT%20MANAGER/CRIMS/BACKUP/crims_live_2023-04-26_220002.sql.7z','https://cihebkenyaorg.sharepoint.com/sites/HealthInformatics-SYSTEMBACKUP/_layouts/15/download.aspx?UniqueId=34816c64-804c-4877-b9dd-e4186fb17d9a&Translate=false&tempauth=eyJ0eXAiOiJKV1QiLCJhbGciOiJIUzI1NiJ9.eyJhdWQiOiIwMDAwMDAwMy0wMDAwLTBmZjEtY2UwMC0wMDAwMDAwMDAwMDAvY2loZWJrZW55YW9yZy5zaGFyZXBvaW50LmNvbUAxYzE3NzcwZS1hMjY5LTQ1MTctYjI5Ni1jNzFlODQxOTY0NTQiLCJpc3MiOiIwMDAwMDAwMy0wMDAwLTBmZjEtY2UwMC0wMDAwMDAwMDAwMDAiLCJuYmYiOiIxNjg1OTU4NTQ2IiwiZXhwIjoiMTY4NTk2MjE0NiIsImVuZHBvaW50dXJsIjoiZTdnUlFyRHAzclZVcktjMEZRVzNYVUlDTXQwek02UVBnbkRiZExyMUpCdz0iLCJlbmRwb2ludHVybExlbmd0aCI6IjE2MSIsImlzbG9vcGJhY2siOiJUcnVlIiwiY2lkIjoiak9ubWluMWF0a1dOaGpSQ0ZNTmNQUT09IiwidmVyIjoiaGFzaGVkcHJvb2Z0b2tlbiIsInNpdGVpZCI6IlptRTVaakZqWkRNdE5UTmpZeTAwWVRreUxUZzFOMkV0TldWbFptWmlZVEE0TnpSaSIsImFwcF9kaXNwbGF5bmFtZSI6IlNZU1RFTSBCQUNLVVAiLCJuYW1laWQiOiIzOTFlNTVjZC01Mjg3LTRlMjMtOWM4ZC00ZDY5MTc5NDRkMTJAMWMxNzc3MGUtYTI2OS00NTE3LWIyOTYtYzcxZTg0MTk2NDU0Iiwicm9sZXMiOiJhbGxzaXRlcy5yZWFkIGFsbHNpdGVzLndyaXRlIGFsbHNpdGVzLm1hbmFnZSBhbGxmaWxlcy53cml0ZSBhbGxmaWxlcy5yZWFkIiwidHQiOiIxIiwiaXBhZGRyIjoiMjAuMTkwLjE5MC4zMiJ9._8o2DmgKpfTcJD1QoIzF-00XMXMRAVIpAHEvcnFdq3g&ApiVersion=2.0',259858006),('0167YEQWDHIU4XBNTZCRGKVT3SASL62NG4','0167YEQWBWKTCQ5YLVIFCYTDJ73DEVDWKM','openmrs_2023-05-11_140002.sql.gz','2023-05-11 11:32:54','https://cihebkenyaorg.sharepoint.com/sites/HealthInformatics-SYSTEMBACKUP/Shared%20Documents/SYSTEM%20BACKUP/EVENT%20MANAGER/CONNECT/KenyaEMR/EASTLEIGH_HC/openmrs_2023-05-11_140002.sql.gz','https://cihebkenyaorg.sharepoint.com/sites/HealthInformatics-SYSTEMBACKUP/_layouts/15/download.aspx?UniqueId=70394567-79b6-4c14-aacf-720497ed34dc&Translate=false&tempauth=eyJ0eXAiOiJKV1QiLCJhbGciOiJIUzI1NiJ9.eyJhdWQiOiIwMDAwMDAwMy0wMDAwLTBmZjEtY2UwMC0wMDAwMDAwMDAwMDAvY2loZWJrZW55YW9yZy5zaGFyZXBvaW50LmNvbUAxYzE3NzcwZS1hMjY5LTQ1MTctYjI5Ni1jNzFlODQxOTY0NTQiLCJpc3MiOiIwMDAwMDAwMy0wMDAwLTBmZjEtY2UwMC0wMDAwMDAwMDAwMDAiLCJuYmYiOiIxNjg1OTU4NTM2IiwiZXhwIjoiMTY4NTk2MjEzNiIsImVuZHBvaW50dXJsIjoiTzhwZVJBM2g0K3lISTVOdDhHRThncG5jbmtGVm5zZ3U1b0w4NkViQTNJUT0iLCJlbmRwb2ludHVybExlbmd0aCI6IjE2MSIsImlzbG9vcGJhY2siOiJUcnVlIiwiY2lkIjoiSno1WXFDTkRGVTZibjFOR0xOZ0Qrdz09IiwidmVyIjoiaGFzaGVkcHJvb2Z0b2tlbiIsInNpdGVpZCI6IlptRTVaakZqWkRNdE5UTmpZeTAwWVRreUxUZzFOMkV0TldWbFptWmlZVEE0TnpSaSIsImFwcF9kaXNwbGF5bmFtZSI6IlNZU1RFTSBCQUNLVVAiLCJuYW1laWQiOiIzOTFlNTVjZC01Mjg3LTRlMjMtOWM4ZC00ZDY5MTc5NDRkMTJAMWMxNzc3MGUtYTI2OS00NTE3LWIyOTYtYzcxZTg0MTk2NDU0Iiwicm9sZXMiOiJhbGxzaXRlcy5yZWFkIGFsbHNpdGVzLndyaXRlIGFsbHNpdGVzLm1hbmFnZSBhbGxmaWxlcy53cml0ZSBhbGxmaWxlcy5yZWFkIiwidHQiOiIxIiwiaXBhZGRyIjoiMjAuMTkwLjE5MC4zMiJ9.7NqMF2-z-kI-4zGn3xlYKV-L7L_CnBtNCNfODQSX8Ps&ApiVersion=2.0',58398982),('0167YEQWDHNOQKKV6XGJFZI6BKGLRMJAXH','0167YEQWC32NUYASTCWREYKXIJHDRGC2OI','openmrs_2023-05-06_150001.sql.gz','2023-05-06 12:02:11','https://cihebkenyaorg.sharepoint.com/sites/HealthInformatics-SYSTEMBACKUP/Shared%20Documents/SYSTEM%20BACKUP/EVENT%20MANAGER/CONNECT/KenyaEMR/BABADOGO_HC/openmrs_2023-05-06_150001.sql.gz','https://cihebkenyaorg.sharepoint.com/sites/HealthInformatics-SYSTEMBACKUP/_layouts/15/download.aspx?UniqueId=a5a06b67-d757-4b32-9478-2a32e2c482e7&Translate=false&tempauth=eyJ0eXAiOiJKV1QiLCJhbGciOiJIUzI1NiJ9.eyJhdWQiOiIwMDAwMDAwMy0wMDAwLTBmZjEtY2UwMC0wMDAwMDAwMDAwMDAvY2loZWJrZW55YW9yZy5zaGFyZXBvaW50LmNvbUAxYzE3NzcwZS1hMjY5LTQ1MTctYjI5Ni1jNzFlODQxOTY0NTQiLCJpc3MiOiIwMDAwMDAwMy0wMDAwLTBmZjEtY2UwMC0wMDAwMDAwMDAwMDAiLCJuYmYiOiIxNjg1OTU4NTQzIiwiZXhwIjoiMTY4NTk2MjE0MyIsImVuZHBvaW50dXJsIjoiSVplZUdFQVh5Nm9CS2loWW5Pa0IzbVlTbGZlT1h2U3Eya3g4K2plMkx6RT0iLCJlbmRwb2ludHVybExlbmd0aCI6IjE2MSIsImlzbG9vcGJhY2siOiJUcnVlIiwiY2lkIjoiaDhmZWUvQnRiVTJ6QTk1NzZnSUlpQT09IiwidmVyIjoiaGFzaGVkcHJvb2Z0b2tlbiIsInNpdGVpZCI6IlptRTVaakZqWkRNdE5UTmpZeTAwWVRreUxUZzFOMkV0TldWbFptWmlZVEE0TnpSaSIsImFwcF9kaXNwbGF5bmFtZSI6IlNZU1RFTSBCQUNLVVAiLCJuYW1laWQiOiIzOTFlNTVjZC01Mjg3LTRlMjMtOWM4ZC00ZDY5MTc5NDRkMTJAMWMxNzc3MGUtYTI2OS00NTE3LWIyOTYtYzcxZTg0MTk2NDU0Iiwicm9sZXMiOiJhbGxzaXRlcy5yZWFkIGFsbHNpdGVzLndyaXRlIGFsbHNpdGVzLm1hbmFnZSBhbGxmaWxlcy53cml0ZSBhbGxmaWxlcy5yZWFkIiwidHQiOiIxIiwiaXBhZGRyIjoiMjAuMTkwLjE5MC4zMiJ9.-NP3oa8flwtb3_EycykQXh_Q2JOOwb11_mvypjELtlA&ApiVersion=2.0',104735738),('0167YEQWDIIOKWZQ3YQZGKLH3RNBGP773N','0167YEQWAJ7PZMFVVG4JFYHI5534FBGDPA','crims_live_2023-04-29_220002.sql.7z','2023-04-29 19:22:10','https://cihebkenyaorg.sharepoint.com/sites/HealthInformatics-SYSTEMBACKUP/Shared%20Documents/SYSTEM%20BACKUP/EVENT%20MANAGER/CRIMS/BACKUP/crims_live_2023-04-29_220002.sql.7z','https://cihebkenyaorg.sharepoint.com/sites/HealthInformatics-SYSTEMBACKUP/_layouts/15/download.aspx?UniqueId=6c954368-78c3-4c86-a59f-71684cffff6d&Translate=false&tempauth=eyJ0eXAiOiJKV1QiLCJhbGciOiJIUzI1NiJ9.eyJhdWQiOiIwMDAwMDAwMy0wMDAwLTBmZjEtY2UwMC0wMDAwMDAwMDAwMDAvY2loZWJrZW55YW9yZy5zaGFyZXBvaW50LmNvbUAxYzE3NzcwZS1hMjY5LTQ1MTctYjI5Ni1jNzFlODQxOTY0NTQiLCJpc3MiOiIwMDAwMDAwMy0wMDAwLTBmZjEtY2UwMC0wMDAwMDAwMDAwMDAiLCJuYmYiOiIxNjg1OTU4NTQ2IiwiZXhwIjoiMTY4NTk2MjE0NiIsImVuZHBvaW50dXJsIjoieUhmRVdQOTRtcDhLUlpISmk1WjEyaW13VDYzREVnV0VwNHRUT3A4cjhVdz0iLCJlbmRwb2ludHVybExlbmd0aCI6IjE2MSIsImlzbG9vcGJhY2siOiJUcnVlIiwiY2lkIjoiak9ubWluMWF0a1dOaGpSQ0ZNTmNQUT09IiwidmVyIjoiaGFzaGVkcHJvb2Z0b2tlbiIsInNpdGVpZCI6IlptRTVaakZqWkRNdE5UTmpZeTAwWVRreUxUZzFOMkV0TldWbFptWmlZVEE0TnpSaSIsImFwcF9kaXNwbGF5bmFtZSI6IlNZU1RFTSBCQUNLVVAiLCJuYW1laWQiOiIzOTFlNTVjZC01Mjg3LTRlMjMtOWM4ZC00ZDY5MTc5NDRkMTJAMWMxNzc3MGUtYTI2OS00NTE3LWIyOTYtYzcxZTg0MTk2NDU0Iiwicm9sZXMiOiJhbGxzaXRlcy5yZWFkIGFsbHNpdGVzLndyaXRlIGFsbHNpdGVzLm1hbmFnZSBhbGxmaWxlcy53cml0ZSBhbGxmaWxlcy5yZWFkIiwidHQiOiIxIiwiaXBhZGRyIjoiMjAuMTkwLjE5MC4zMiJ9.jW2tTenDi5ZDDvtjIg6lpJWSRd-X777HKoe-Tb7_sgI&ApiVersion=2.0',259698695),('0167YEQWDK7KLFBRVBYRFLTLWM5STXHNY5','0167YEQWBWKTCQ5YLVIFCYTDJ73DEVDWKM','openmrs_2023-04-26_140002.sql.gz','2023-04-26 11:38:02','https://cihebkenyaorg.sharepoint.com/sites/HealthInformatics-SYSTEMBACKUP/Shared%20Documents/SYSTEM%20BACKUP/EVENT%20MANAGER/CONNECT/KenyaEMR/EASTLEIGH_HC/openmrs_2023-04-26_140002.sql.gz','https://cihebkenyaorg.sharepoint.com/sites/HealthInformatics-SYSTEMBACKUP/_layouts/15/download.aspx?UniqueId=5096fa6a-a1c6-4ac4-b9ae-cceca773b71d&Translate=false&tempauth=eyJ0eXAiOiJKV1QiLCJhbGciOiJIUzI1NiJ9.eyJhdWQiOiIwMDAwMDAwMy0wMDAwLTBmZjEtY2UwMC0wMDAwMDAwMDAwMDAvY2loZWJrZW55YW9yZy5zaGFyZXBvaW50LmNvbUAxYzE3NzcwZS1hMjY5LTQ1MTctYjI5Ni1jNzFlODQxOTY0NTQiLCJpc3MiOiIwMDAwMDAwMy0wMDAwLTBmZjEtY2UwMC0wMDAwMDAwMDAwMDAiLCJuYmYiOiIxNjg1OTU4NTM2IiwiZXhwIjoiMTY4NTk2MjEzNiIsImVuZHBvaW50dXJsIjoib0VpQ2M3SUdTSlZBbklvRCs2RjMweFN6ZFRITjlTSkcyREkrQ1QzRTd3ND0iLCJlbmRwb2ludHVybExlbmd0aCI6IjE2MSIsImlzbG9vcGJhY2siOiJUcnVlIiwiY2lkIjoiSno1WXFDTkRGVTZibjFOR0xOZ0Qrdz09IiwidmVyIjoiaGFzaGVkcHJvb2Z0b2tlbiIsInNpdGVpZCI6IlptRTVaakZqWkRNdE5UTmpZeTAwWVRreUxUZzFOMkV0TldWbFptWmlZVEE0TnpSaSIsImFwcF9kaXNwbGF5bmFtZSI6IlNZU1RFTSBCQUNLVVAiLCJuYW1laWQiOiIzOTFlNTVjZC01Mjg3LTRlMjMtOWM4ZC00ZDY5MTc5NDRkMTJAMWMxNzc3MGUtYTI2OS00NTE3LWIyOTYtYzcxZTg0MTk2NDU0Iiwicm9sZXMiOiJhbGxzaXRlcy5yZWFkIGFsbHNpdGVzLndyaXRlIGFsbHNpdGVzLm1hbmFnZSBhbGxmaWxlcy53cml0ZSBhbGxmaWxlcy5yZWFkIiwidHQiOiIxIiwiaXBhZGRyIjoiMjAuMTkwLjE5MC4zMiJ9.V8QWQFxUfEl06XXREpJVRBCtcjukEUGBgC0k93zlPZI&ApiVersion=2.0',57738816),('0167YEQWDXBRJYIONOLVH32Q746I3MEIK3','0167YEQWAJ7PZMFVVG4JFYHI5534FBGDPA','crims_live_2023-05-24_220001.sql.7z','2023-05-24 19:11:28','https://cihebkenyaorg.sharepoint.com/sites/HealthInformatics-SYSTEMBACKUP/Shared%20Documents/SYSTEM%20BACKUP/EVENT%20MANAGER/CRIMS/BACKUP/crims_live_2023-05-24_220001.sql.7z','https://cihebkenyaorg.sharepoint.com/sites/HealthInformatics-SYSTEMBACKUP/_layouts/15/download.aspx?UniqueId=84530c77-ae39-4f5d-bd43-fcf236c2215b&Translate=false&tempauth=eyJ0eXAiOiJKV1QiLCJhbGciOiJIUzI1NiJ9.eyJhdWQiOiIwMDAwMDAwMy0wMDAwLTBmZjEtY2UwMC0wMDAwMDAwMDAwMDAvY2loZWJrZW55YW9yZy5zaGFyZXBvaW50LmNvbUAxYzE3NzcwZS1hMjY5LTQ1MTctYjI5Ni1jNzFlODQxOTY0NTQiLCJpc3MiOiIwMDAwMDAwMy0wMDAwLTBmZjEtY2UwMC0wMDAwMDAwMDAwMDAiLCJuYmYiOiIxNjg1OTU4NTQ2IiwiZXhwIjoiMTY4NTk2MjE0NiIsImVuZHBvaW50dXJsIjoiMjNWRGs0d3JGMU1xeTFvT0NBQ0xBYTI2TDQvaFQ3WXdUNFBwRkF5ZmI5WT0iLCJlbmRwb2ludHVybExlbmd0aCI6IjE2MSIsImlzbG9vcGJhY2siOiJUcnVlIiwiY2lkIjoiak9ubWluMWF0a1dOaGpSQ0ZNTmNQUT09IiwidmVyIjoiaGFzaGVkcHJvb2Z0b2tlbiIsInNpdGVpZCI6IlptRTVaakZqWkRNdE5UTmpZeTAwWVRreUxUZzFOMkV0TldWbFptWmlZVEE0TnpSaSIsImFwcF9kaXNwbGF5bmFtZSI6IlNZU1RFTSBCQUNLVVAiLCJuYW1laWQiOiIzOTFlNTVjZC01Mjg3LTRlMjMtOWM4ZC00ZDY5MTc5NDRkMTJAMWMxNzc3MGUtYTI2OS00NTE3LWIyOTYtYzcxZTg0MTk2NDU0Iiwicm9sZXMiOiJhbGxzaXRlcy5yZWFkIGFsbHNpdGVzLndyaXRlIGFsbHNpdGVzLm1hbmFnZSBhbGxmaWxlcy53cml0ZSBhbGxmaWxlcy5yZWFkIiwidHQiOiIxIiwiaXBhZGRyIjoiMjAuMTkwLjE5MC4zMiJ9.pgkyQNZCyW-QI5W-kQzKTFtzak4MemDsdjGhVyLWMSM&ApiVersion=2.0',117493581),('0167YEQWE7XUVSCI6TXJCJQB3RPMCZV5NT','0167YEQWBWKTCQ5YLVIFCYTDJ73DEVDWKM','openmrs_2023-04-19_140002.sql.gz','2023-04-19 11:24:58','https://cihebkenyaorg.sharepoint.com/sites/HealthInformatics-SYSTEMBACKUP/Shared%20Documents/SYSTEM%20BACKUP/EVENT%20MANAGER/CONNECT/KenyaEMR/EASTLEIGH_HC/openmrs_2023-04-19_140002.sql.gz','https://cihebkenyaorg.sharepoint.com/sites/HealthInformatics-SYSTEMBACKUP/_layouts/15/download.aspx?UniqueId=212bbd9f-d323-44ba-9807-717b059af5b3&Translate=false&tempauth=eyJ0eXAiOiJKV1QiLCJhbGciOiJIUzI1NiJ9.eyJhdWQiOiIwMDAwMDAwMy0wMDAwLTBmZjEtY2UwMC0wMDAwMDAwMDAwMDAvY2loZWJrZW55YW9yZy5zaGFyZXBvaW50LmNvbUAxYzE3NzcwZS1hMjY5LTQ1MTctYjI5Ni1jNzFlODQxOTY0NTQiLCJpc3MiOiIwMDAwMDAwMy0wMDAwLTBmZjEtY2UwMC0wMDAwMDAwMDAwMDAiLCJuYmYiOiIxNjg1OTU4NTM2IiwiZXhwIjoiMTY4NTk2MjEzNiIsImVuZHBvaW50dXJsIjoieXVRLzc4eFhnb0NuNFlRc0VNdXZGNERabXR5YzR3azdOQUhJWmxBdnppYz0iLCJlbmRwb2ludHVybExlbmd0aCI6IjE2MSIsImlzbG9vcGJhY2siOiJUcnVlIiwiY2lkIjoiSno1WXFDTkRGVTZibjFOR0xOZ0Qrdz09IiwidmVyIjoiaGFzaGVkcHJvb2Z0b2tlbiIsInNpdGVpZCI6IlptRTVaakZqWkRNdE5UTmpZeTAwWVRreUxUZzFOMkV0TldWbFptWmlZVEE0TnpSaSIsImFwcF9kaXNwbGF5bmFtZSI6IlNZU1RFTSBCQUNLVVAiLCJuYW1laWQiOiIzOTFlNTVjZC01Mjg3LTRlMjMtOWM4ZC00ZDY5MTc5NDRkMTJAMWMxNzc3MGUtYTI2OS00NTE3LWIyOTYtYzcxZTg0MTk2NDU0Iiwicm9sZXMiOiJhbGxzaXRlcy5yZWFkIGFsbHNpdGVzLndyaXRlIGFsbHNpdGVzLm1hbmFnZSBhbGxmaWxlcy53cml0ZSBhbGxmaWxlcy5yZWFkIiwidHQiOiIxIiwiaXBhZGRyIjoiMjAuMTkwLjE5MC4zMiJ9.ZasEnQqrfWu6vZUxXUsPQIAwGrMLvMIcy26HsHwt8zo&ApiVersion=2.0',57176778),('0167YEQWEB4FVQBHLIRZAK34NAH6M4DKHI','0167YEQWBN4VQWC5CSFZHJMHCSYEDUUVW2','openmrs_2023-06-01_150001.sql.gz','2023-06-01 12:04:10','https://cihebkenyaorg.sharepoint.com/sites/HealthInformatics-SYSTEMBACKUP/Shared%20Documents/SYSTEM%20BACKUP/EVENT%20MANAGER/CONNECT/KenyaEMR/DANDORA_HC/openmrs_2023-06-01_150001.sql.gz','https://cihebkenyaorg.sharepoint.com/sites/HealthInformatics-SYSTEMBACKUP/_layouts/15/download.aspx?UniqueId=006be181-689d-408e-adf1-a03f99c1a8e8&Translate=false&tempauth=eyJ0eXAiOiJKV1QiLCJhbGciOiJIUzI1NiJ9.eyJhdWQiOiIwMDAwMDAwMy0wMDAwLTBmZjEtY2UwMC0wMDAwMDAwMDAwMDAvY2loZWJrZW55YW9yZy5zaGFyZXBvaW50LmNvbUAxYzE3NzcwZS1hMjY5LTQ1MTctYjI5Ni1jNzFlODQxOTY0NTQiLCJpc3MiOiIwMDAwMDAwMy0wMDAwLTBmZjEtY2UwMC0wMDAwMDAwMDAwMDAiLCJuYmYiOiIxNjg1OTU4NTI3IiwiZXhwIjoiMTY4NTk2MjEyNyIsImVuZHBvaW50dXJsIjoienhUUkRCWWNxb0s1bFllQXU0RDlvbEpPVmEwSkJHQUR2SVZKMkhZdTgwOD0iLCJlbmRwb2ludHVybExlbmd0aCI6IjE2MSIsImlzbG9vcGJhY2siOiJUcnVlIiwiY2lkIjoiN3dEcVFELzNqRWlqQm9ob1g5OGlPQT09IiwidmVyIjoiaGFzaGVkcHJvb2Z0b2tlbiIsInNpdGVpZCI6IlptRTVaakZqWkRNdE5UTmpZeTAwWVRreUxUZzFOMkV0TldWbFptWmlZVEE0TnpSaSIsImFwcF9kaXNwbGF5bmFtZSI6IlNZU1RFTSBCQUNLVVAiLCJuYW1laWQiOiIzOTFlNTVjZC01Mjg3LTRlMjMtOWM4ZC00ZDY5MTc5NDRkMTJAMWMxNzc3MGUtYTI2OS00NTE3LWIyOTYtYzcxZTg0MTk2NDU0Iiwicm9sZXMiOiJhbGxzaXRlcy5yZWFkIGFsbHNpdGVzLndyaXRlIGFsbHNpdGVzLm1hbmFnZSBhbGxmaWxlcy53cml0ZSBhbGxmaWxlcy5yZWFkIiwidHQiOiIxIiwiaXBhZGRyIjoiMjAuMTkwLjE5MC4zMiJ9.b4_nBZQi9t2WFGTUqibMnjQLrwTU676_SuPIjEU4_oc&ApiVersion=2.0',82351630),('0167YEQWED7PYRHJE7CRAYKPMT2PDHSER5','0167YEQWBN4VQWC5CSFZHJMHCSYEDUUVW2','openmrs_2023-05-31_150003.sql.gz','2023-05-31 12:05:45','https://cihebkenyaorg.sharepoint.com/sites/HealthInformatics-SYSTEMBACKUP/Shared%20Documents/SYSTEM%20BACKUP/EVENT%20MANAGER/CONNECT/KenyaEMR/DANDORA_HC/openmrs_2023-05-31_150003.sql.gz','https://cihebkenyaorg.sharepoint.com/sites/HealthInformatics-SYSTEMBACKUP/_layouts/15/download.aspx?UniqueId=13f1fb83-9fa4-4114-853d-93d3c679123d&Translate=false&tempauth=eyJ0eXAiOiJKV1QiLCJhbGciOiJIUzI1NiJ9.eyJhdWQiOiIwMDAwMDAwMy0wMDAwLTBmZjEtY2UwMC0wMDAwMDAwMDAwMDAvY2loZWJrZW55YW9yZy5zaGFyZXBvaW50LmNvbUAxYzE3NzcwZS1hMjY5LTQ1MTctYjI5Ni1jNzFlODQxOTY0NTQiLCJpc3MiOiIwMDAwMDAwMy0wMDAwLTBmZjEtY2UwMC0wMDAwMDAwMDAwMDAiLCJuYmYiOiIxNjg1OTU4NTI3IiwiZXhwIjoiMTY4NTk2MjEyNyIsImVuZHBvaW50dXJsIjoiVmpPS1JvaGllR0hjWFl3dmF3RDZhLzVMQ21EQUtlaE5NdjBmdEJwbHBhST0iLCJlbmRwb2ludHVybExlbmd0aCI6IjE2MSIsImlzbG9vcGJhY2siOiJUcnVlIiwiY2lkIjoiN3dEcVFELzNqRWlqQm9ob1g5OGlPQT09IiwidmVyIjoiaGFzaGVkcHJvb2Z0b2tlbiIsInNpdGVpZCI6IlptRTVaakZqWkRNdE5UTmpZeTAwWVRreUxUZzFOMkV0TldWbFptWmlZVEE0TnpSaSIsImFwcF9kaXNwbGF5bmFtZSI6IlNZU1RFTSBCQUNLVVAiLCJuYW1laWQiOiIzOTFlNTVjZC01Mjg3LTRlMjMtOWM4ZC00ZDY5MTc5NDRkMTJAMWMxNzc3MGUtYTI2OS00NTE3LWIyOTYtYzcxZTg0MTk2NDU0Iiwicm9sZXMiOiJhbGxzaXRlcy5yZWFkIGFsbHNpdGVzLndyaXRlIGFsbHNpdGVzLm1hbmFnZSBhbGxmaWxlcy53cml0ZSBhbGxmaWxlcy5yZWFkIiwidHQiOiIxIiwiaXBhZGRyIjoiMjAuMTkwLjE5MC4zMiJ9.FCnH5ebkAm8MNzgPxKoe3DdC5waa8nnEDFRyl5Q95z4&ApiVersion=2.0',82342578),('0167YEQWELBW64GS42DVD2N3KMA5EEFHXJ','0167YEQWC32NUYASTCWREYKXIJHDRGC2OI','openmrs_2023-04-23_150002.sql.gz','2023-04-23 12:02:07','https://cihebkenyaorg.sharepoint.com/sites/HealthInformatics-SYSTEMBACKUP/Shared%20Documents/SYSTEM%20BACKUP/EVENT%20MANAGER/CONNECT/KenyaEMR/BABADOGO_HC/openmrs_2023-04-23_150002.sql.gz','https://cihebkenyaorg.sharepoint.com/sites/HealthInformatics-SYSTEMBACKUP/_layouts/15/download.aspx?UniqueId=c3bd0d8b-9a4b-471d-a6ed-4c0748429ee9&Translate=false&tempauth=eyJ0eXAiOiJKV1QiLCJhbGciOiJIUzI1NiJ9.eyJhdWQiOiIwMDAwMDAwMy0wMDAwLTBmZjEtY2UwMC0wMDAwMDAwMDAwMDAvY2loZWJrZW55YW9yZy5zaGFyZXBvaW50LmNvbUAxYzE3NzcwZS1hMjY5LTQ1MTctYjI5Ni1jNzFlODQxOTY0NTQiLCJpc3MiOiIwMDAwMDAwMy0wMDAwLTBmZjEtY2UwMC0wMDAwMDAwMDAwMDAiLCJuYmYiOiIxNjg1OTU4NTQzIiwiZXhwIjoiMTY4NTk2MjE0MyIsImVuZHBvaW50dXJsIjoieWJXQndYWUwwd1FaaEJGdExZcVRmelFtV0hMT3YvTkFpRndvNzdHWm4rWT0iLCJlbmRwb2ludHVybExlbmd0aCI6IjE2MSIsImlzbG9vcGJhY2siOiJUcnVlIiwiY2lkIjoiaDhmZWUvQnRiVTJ6QTk1NzZnSUlpQT09IiwidmVyIjoiaGFzaGVkcHJvb2Z0b2tlbiIsInNpdGVpZCI6IlptRTVaakZqWkRNdE5UTmpZeTAwWVRreUxUZzFOMkV0TldWbFptWmlZVEE0TnpSaSIsImFwcF9kaXNwbGF5bmFtZSI6IlNZU1RFTSBCQUNLVVAiLCJuYW1laWQiOiIzOTFlNTVjZC01Mjg3LTRlMjMtOWM4ZC00ZDY5MTc5NDRkMTJAMWMxNzc3MGUtYTI2OS00NTE3LWIyOTYtYzcxZTg0MTk2NDU0Iiwicm9sZXMiOiJhbGxzaXRlcy5yZWFkIGFsbHNpdGVzLndyaXRlIGFsbHNpdGVzLm1hbmFnZSBhbGxmaWxlcy53cml0ZSBhbGxmaWxlcy5yZWFkIiwidHQiOiIxIiwiaXBhZGRyIjoiMjAuMTkwLjE5MC4zMiJ9.Mkv4F_U-7IHcxpmixWsuRmRUYS24q11wCBFK40t35XY&ApiVersion=2.0',102604765),('0167YEQWELCUGIMJQBUBF3XZO7D36A6TZJ','0167YEQWC32NUYASTCWREYKXIJHDRGC2OI','openmrs_2023-04-21_150001.sql.gz','2023-04-21 12:02:10','https://cihebkenyaorg.sharepoint.com/sites/HealthInformatics-SYSTEMBACKUP/Shared%20Documents/SYSTEM%20BACKUP/EVENT%20MANAGER/CONNECT/KenyaEMR/BABADOGO_HC/openmrs_2023-04-21_150001.sql.gz','https://cihebkenyaorg.sharepoint.com/sites/HealthInformatics-SYSTEMBACKUP/_layouts/15/download.aspx?UniqueId=860c158b-0126-4ba0-bbe5-df1efc0f4f29&Translate=false&tempauth=eyJ0eXAiOiJKV1QiLCJhbGciOiJIUzI1NiJ9.eyJhdWQiOiIwMDAwMDAwMy0wMDAwLTBmZjEtY2UwMC0wMDAwMDAwMDAwMDAvY2loZWJrZW55YW9yZy5zaGFyZXBvaW50LmNvbUAxYzE3NzcwZS1hMjY5LTQ1MTctYjI5Ni1jNzFlODQxOTY0NTQiLCJpc3MiOiIwMDAwMDAwMy0wMDAwLTBmZjEtY2UwMC0wMDAwMDAwMDAwMDAiLCJuYmYiOiIxNjg1OTU4NTQzIiwiZXhwIjoiMTY4NTk2MjE0MyIsImVuZHBvaW50dXJsIjoicEExL00zQXhzanNXQ2FRUnB4V3BRVVV1Z3hEbWFBSFN1WEtsTkJ1YWtjVT0iLCJlbmRwb2ludHVybExlbmd0aCI6IjE2MSIsImlzbG9vcGJhY2siOiJUcnVlIiwiY2lkIjoiaDhmZWUvQnRiVTJ6QTk1NzZnSUlpQT09IiwidmVyIjoiaGFzaGVkcHJvb2Z0b2tlbiIsInNpdGVpZCI6IlptRTVaakZqWkRNdE5UTmpZeTAwWVRreUxUZzFOMkV0TldWbFptWmlZVEE0TnpSaSIsImFwcF9kaXNwbGF5bmFtZSI6IlNZU1RFTSBCQUNLVVAiLCJuYW1laWQiOiIzOTFlNTVjZC01Mjg3LTRlMjMtOWM4ZC00ZDY5MTc5NDRkMTJAMWMxNzc3MGUtYTI2OS00NTE3LWIyOTYtYzcxZTg0MTk2NDU0Iiwicm9sZXMiOiJhbGxzaXRlcy5yZWFkIGFsbHNpdGVzLndyaXRlIGFsbHNpdGVzLm1hbmFnZSBhbGxmaWxlcy53cml0ZSBhbGxmaWxlcy5yZWFkIiwidHQiOiIxIiwiaXBhZGRyIjoiMjAuMTkwLjE5MC4zMiJ9.1nyrqpRCZqO6tqP0speDlXRjPhCwdJ3TP40az3iQTPY&ApiVersion=2.0',102607896),('0167YEQWEUUMHYXSS4E5EI6O32MPVDTK4R','0167YEQWBWKTCQ5YLVIFCYTDJ73DEVDWKM','openmrs_2023-05-17_140001.sql.gz','2023-05-17 11:28:25','https://cihebkenyaorg.sharepoint.com/sites/HealthInformatics-SYSTEMBACKUP/Shared%20Documents/SYSTEM%20BACKUP/EVENT%20MANAGER/CONNECT/KenyaEMR/EASTLEIGH_HC/openmrs_2023-05-17_140001.sql.gz','https://cihebkenyaorg.sharepoint.com/sites/HealthInformatics-SYSTEMBACKUP/_layouts/15/download.aspx?UniqueId=8b0fa394-5cca-4827-8f3b-7a63ea39ab91&Translate=false&tempauth=eyJ0eXAiOiJKV1QiLCJhbGciOiJIUzI1NiJ9.eyJhdWQiOiIwMDAwMDAwMy0wMDAwLTBmZjEtY2UwMC0wMDAwMDAwMDAwMDAvY2loZWJrZW55YW9yZy5zaGFyZXBvaW50LmNvbUAxYzE3NzcwZS1hMjY5LTQ1MTctYjI5Ni1jNzFlODQxOTY0NTQiLCJpc3MiOiIwMDAwMDAwMy0wMDAwLTBmZjEtY2UwMC0wMDAwMDAwMDAwMDAiLCJuYmYiOiIxNjg1OTU4NTM2IiwiZXhwIjoiMTY4NTk2MjEzNiIsImVuZHBvaW50dXJsIjoiNnVVakpjSU5TLythQ2FHclZSNGlCcXkxZ0dsSWoySGFkbjlYVDF5RVRDZz0iLCJlbmRwb2ludHVybExlbmd0aCI6IjE2MSIsImlzbG9vcGJhY2siOiJUcnVlIiwiY2lkIjoiSno1WXFDTkRGVTZibjFOR0xOZ0Qrdz09IiwidmVyIjoiaGFzaGVkcHJvb2Z0b2tlbiIsInNpdGVpZCI6IlptRTVaakZqWkRNdE5UTmpZeTAwWVRreUxUZzFOMkV0TldWbFptWmlZVEE0TnpSaSIsImFwcF9kaXNwbGF5bmFtZSI6IlNZU1RFTSBCQUNLVVAiLCJuYW1laWQiOiIzOTFlNTVjZC01Mjg3LTRlMjMtOWM4ZC00ZDY5MTc5NDRkMTJAMWMxNzc3MGUtYTI2OS00NTE3LWIyOTYtYzcxZTg0MTk2NDU0Iiwicm9sZXMiOiJhbGxzaXRlcy5yZWFkIGFsbHNpdGVzLndyaXRlIGFsbHNpdGVzLm1hbmFnZSBhbGxmaWxlcy53cml0ZSBhbGxmaWxlcy5yZWFkIiwidHQiOiIxIiwiaXBhZGRyIjoiMjAuMTkwLjE5MC4zMiJ9.5cQIkzlGFAwg8yzARqyz0XxnBY7M9ytQ-5mL83RbbiU&ApiVersion=2.0',58572034),('0167YEQWEVTKKPQXSIWJF33SU3K2WNOFVK','0167YEQWBWKTCQ5YLVIFCYTDJ73DEVDWKM','openmrs_2023-04-22_140003.sql.gz','2023-04-22 11:26:54','https://cihebkenyaorg.sharepoint.com/sites/HealthInformatics-SYSTEMBACKUP/Shared%20Documents/SYSTEM%20BACKUP/EVENT%20MANAGER/CONNECT/KenyaEMR/EASTLEIGH_HC/openmrs_2023-04-22_140003.sql.gz','https://cihebkenyaorg.sharepoint.com/sites/HealthInformatics-SYSTEMBACKUP/_layouts/15/download.aspx?UniqueId=f8949a95-485e-4bb2-bdca-9b56acd716aa&Translate=false&tempauth=eyJ0eXAiOiJKV1QiLCJhbGciOiJIUzI1NiJ9.eyJhdWQiOiIwMDAwMDAwMy0wMDAwLTBmZjEtY2UwMC0wMDAwMDAwMDAwMDAvY2loZWJrZW55YW9yZy5zaGFyZXBvaW50LmNvbUAxYzE3NzcwZS1hMjY5LTQ1MTctYjI5Ni1jNzFlODQxOTY0NTQiLCJpc3MiOiIwMDAwMDAwMy0wMDAwLTBmZjEtY2UwMC0wMDAwMDAwMDAwMDAiLCJuYmYiOiIxNjg1OTU4NTM2IiwiZXhwIjoiMTY4NTk2MjEzNiIsImVuZHBvaW50dXJsIjoiTzU5ZW9ROXhqUndZbEJLR0VTZmE0RGZXblF1RlB1VTdrc2pYc2ZtUnVOVT0iLCJlbmRwb2ludHVybExlbmd0aCI6IjE2MSIsImlzbG9vcGJhY2siOiJUcnVlIiwiY2lkIjoiSno1WXFDTkRGVTZibjFOR0xOZ0Qrdz09IiwidmVyIjoiaGFzaGVkcHJvb2Z0b2tlbiIsInNpdGVpZCI6IlptRTVaakZqWkRNdE5UTmpZeTAwWVRreUxUZzFOMkV0TldWbFptWmlZVEE0TnpSaSIsImFwcF9kaXNwbGF5bmFtZSI6IlNZU1RFTSBCQUNLVVAiLCJuYW1laWQiOiIzOTFlNTVjZC01Mjg3LTRlMjMtOWM4ZC00ZDY5MTc5NDRkMTJAMWMxNzc3MGUtYTI2OS00NTE3LWIyOTYtYzcxZTg0MTk2NDU0Iiwicm9sZXMiOiJhbGxzaXRlcy5yZWFkIGFsbHNpdGVzLndyaXRlIGFsbHNpdGVzLm1hbmFnZSBhbGxmaWxlcy53cml0ZSBhbGxmaWxlcy5yZWFkIiwidHQiOiIxIiwiaXBhZGRyIjoiMjAuMTkwLjE5MC4zMiJ9.bzVduhHwt7pF_PVWLLOKHfiUj1vUJmOCB14ax66hhz8&ApiVersion=2.0',57363169),('0167YEQWEX4NTHSJO2PBDJK7GSX3BINHEX','0167YEQWBWKTCQ5YLVIFCYTDJ73DEVDWKM','openmrs_2023-04-21_140003.sql.gz','2023-04-21 11:29:01','https://cihebkenyaorg.sharepoint.com/sites/HealthInformatics-SYSTEMBACKUP/Shared%20Documents/SYSTEM%20BACKUP/EVENT%20MANAGER/CONNECT/KenyaEMR/EASTLEIGH_HC/openmrs_2023-04-21_140003.sql.gz','https://cihebkenyaorg.sharepoint.com/sites/HealthInformatics-SYSTEMBACKUP/_layouts/15/download.aspx?UniqueId=7966e397-da25-4678-957c-d2bec2869c97&Translate=false&tempauth=eyJ0eXAiOiJKV1QiLCJhbGciOiJIUzI1NiJ9.eyJhdWQiOiIwMDAwMDAwMy0wMDAwLTBmZjEtY2UwMC0wMDAwMDAwMDAwMDAvY2loZWJrZW55YW9yZy5zaGFyZXBvaW50LmNvbUAxYzE3NzcwZS1hMjY5LTQ1MTctYjI5Ni1jNzFlODQxOTY0NTQiLCJpc3MiOiIwMDAwMDAwMy0wMDAwLTBmZjEtY2UwMC0wMDAwMDAwMDAwMDAiLCJuYmYiOiIxNjg1OTU4NTM2IiwiZXhwIjoiMTY4NTk2MjEzNiIsImVuZHBvaW50dXJsIjoiVDNVaHUrdmpFWjQwR2o3eUlvM093V0dRS0dSaS9jYXBFdy94YUlpK1BlND0iLCJlbmRwb2ludHVybExlbmd0aCI6IjE2MSIsImlzbG9vcGJhY2siOiJUcnVlIiwiY2lkIjoiSno1WXFDTkRGVTZibjFOR0xOZ0Qrdz09IiwidmVyIjoiaGFzaGVkcHJvb2Z0b2tlbiIsInNpdGVpZCI6IlptRTVaakZqWkRNdE5UTmpZeTAwWVRreUxUZzFOMkV0TldWbFptWmlZVEE0TnpSaSIsImFwcF9kaXNwbGF5bmFtZSI6IlNZU1RFTSBCQUNLVVAiLCJuYW1laWQiOiIzOTFlNTVjZC01Mjg3LTRlMjMtOWM4ZC00ZDY5MTc5NDRkMTJAMWMxNzc3MGUtYTI2OS00NTE3LWIyOTYtYzcxZTg0MTk2NDU0Iiwicm9sZXMiOiJhbGxzaXRlcy5yZWFkIGFsbHNpdGVzLndyaXRlIGFsbHNpdGVzLm1hbmFnZSBhbGxmaWxlcy53cml0ZSBhbGxmaWxlcy5yZWFkIiwidHQiOiIxIiwiaXBhZGRyIjoiMjAuMTkwLjE5MC4zMiJ9.j9X2LOxPmXp8Htg_2C1_YjJE8v3QKc0t5EE8IFBtpUM&ApiVersion=2.0',57363197),('0167YEQWF2WESPIGOOKJBIIKJYKEOL7M34','0167YEQWC32NUYASTCWREYKXIJHDRGC2OI','openmrs_2023-05-13_150002.sql.gz','2023-05-13 12:02:49','https://cihebkenyaorg.sharepoint.com/sites/HealthInformatics-SYSTEMBACKUP/Shared%20Documents/SYSTEM%20BACKUP/EVENT%20MANAGER/CONNECT/KenyaEMR/BABADOGO_HC/openmrs_2023-05-13_150002.sql.gz','https://cihebkenyaorg.sharepoint.com/sites/HealthInformatics-SYSTEMBACKUP/_layouts/15/download.aspx?UniqueId=f424b1ba-ce19-4252-8429-38511cbfb37c&Translate=false&tempauth=eyJ0eXAiOiJKV1QiLCJhbGciOiJIUzI1NiJ9.eyJhdWQiOiIwMDAwMDAwMy0wMDAwLTBmZjEtY2UwMC0wMDAwMDAwMDAwMDAvY2loZWJrZW55YW9yZy5zaGFyZXBvaW50LmNvbUAxYzE3NzcwZS1hMjY5LTQ1MTctYjI5Ni1jNzFlODQxOTY0NTQiLCJpc3MiOiIwMDAwMDAwMy0wMDAwLTBmZjEtY2UwMC0wMDAwMDAwMDAwMDAiLCJuYmYiOiIxNjg1OTU4NTQzIiwiZXhwIjoiMTY4NTk2MjE0MyIsImVuZHBvaW50dXJsIjoiZE5RRmFERUl5MzBxd1pEdzUxUFAvS1FRN0hRSGJkSnd0MS84MklMK1Qydz0iLCJlbmRwb2ludHVybExlbmd0aCI6IjE2MSIsImlzbG9vcGJhY2siOiJUcnVlIiwiY2lkIjoiaDhmZWUvQnRiVTJ6QTk1NzZnSUlpQT09IiwidmVyIjoiaGFzaGVkcHJvb2Z0b2tlbiIsInNpdGVpZCI6IlptRTVaakZqWkRNdE5UTmpZeTAwWVRreUxUZzFOMkV0TldWbFptWmlZVEE0TnpSaSIsImFwcF9kaXNwbGF5bmFtZSI6IlNZU1RFTSBCQUNLVVAiLCJuYW1laWQiOiIzOTFlNTVjZC01Mjg3LTRlMjMtOWM4ZC00ZDY5MTc5NDRkMTJAMWMxNzc3MGUtYTI2OS00NTE3LWIyOTYtYzcxZTg0MTk2NDU0Iiwicm9sZXMiOiJhbGxzaXRlcy5yZWFkIGFsbHNpdGVzLndyaXRlIGFsbHNpdGVzLm1hbmFnZSBhbGxmaWxlcy53cml0ZSBhbGxmaWxlcy5yZWFkIiwidHQiOiIxIiwiaXBhZGRyIjoiMjAuMTkwLjE5MC4zMiJ9.UrQIrslYT_ZzyOcMkyuW9zjb-aJhKwqPkRt9cYqy_6k&ApiVersion=2.0',105601008),('0167YEQWFAPFZ5M7YNXBEJDYVRRELHL5PP','0167YEQWBHMXJPKZT7YZFJQAI76PHKJ6D7','3_node-v18.12.1-linux-x64.tar.xz','2023-06-14 08:38:21','https://cihebkenyaorg.sharepoint.com/sites/HealthInformatics-SYSTEMBACKUP/Shared%20Documents/SYSTEM%20BACKUP/EVENT%20MANAGER/CONNECT/KenyaEMR/BHESP/3_node-v18.12.1-linux-x64.tar.xz','https://cihebkenyaorg.sharepoint.com/sites/HealthInformatics-SYSTEMBACKUP/_layouts/15/download.aspx?UniqueId=d67379a0-0d7f-48b8-91e2-b1891675f5ef&Translate=false&tempauth=eyJ0eXAiOiJKV1QiLCJhbGciOiJIUzI1NiJ9.eyJhdWQiOiIwMDAwMDAwMy0wMDAwLTBmZjEtY2UwMC0wMDAwMDAwMDAwMDAvY2loZWJrZW55YW9yZy5zaGFyZXBvaW50LmNvbUAxYzE3NzcwZS1hMjY5LTQ1MTctYjI5Ni1jNzFlODQxOTY0NTQiLCJpc3MiOiIwMDAwMDAwMy0wMDAwLTBmZjEtY2UwMC0wMDAwMDAwMDAwMDAiLCJuYmYiOiIxNjg2NzQyNzAyIiwiZXhwIjoiMTY4Njc0NjMwMiIsImVuZHBvaW50dXJsIjoiVFhZU0tKOXlTMjl5Z3BDTE95enV1K3p5ekVVTlJIck0vOXREczJicmlsST0iLCJlbmRwb2ludHVybExlbmd0aCI6IjE2MSIsImlzbG9vcGJhY2siOiJUcnVlIiwiY2lkIjoiMDNxaWlud29vVVN4UjgxZml4TlAzdz09IiwidmVyIjoiaGFzaGVkcHJvb2Z0b2tlbiIsInNpdGVpZCI6IlptRTVaakZqWkRNdE5UTmpZeTAwWVRreUxUZzFOMkV0TldWbFptWmlZVEE0TnpSaSIsImFwcF9kaXNwbGF5bmFtZSI6IlNZU1RFTSBCQUNLVVAiLCJuYW1laWQiOiIzOTFlNTVjZC01Mjg3LTRlMjMtOWM4ZC00ZDY5MTc5NDRkMTJAMWMxNzc3MGUtYTI2OS00NTE3LWIyOTYtYzcxZTg0MTk2NDU0Iiwicm9sZXMiOiJhbGxzaXRlcy5yZWFkIGFsbHNpdGVzLndyaXRlIGFsbHNpdGVzLm1hbmFnZSBhbGxmaWxlcy53cml0ZSBhbGxmaWxlcy5yZWFkIiwidHQiOiIxIiwiaXBhZGRyIjoiMjAuMTkwLjE5MC4zNSJ9.Fp-NMOiJmTg9CBXie07UkFnbvWcpoOekkl_jQ1v40zQ&ApiVersion=2.0',23726988),('0167YEQWFF7IV6SBZTFFBKCOEGLPJ4B4FF','0167YEQWBHMXJPKZT7YZFJQAI76PHKJ6D7','openmrs_2023-05-18_140001.sql.gz','2023-05-18 11:38:27','https://cihebkenyaorg.sharepoint.com/sites/HealthInformatics-SYSTEMBACKUP/Shared%20Documents/SYSTEM%20BACKUP/EVENT%20MANAGER/CONNECT/KenyaEMR/BHESP/openmrs_2023-05-18_140001.sql.gz','https://cihebkenyaorg.sharepoint.com/sites/HealthInformatics-SYSTEMBACKUP/_layouts/15/download.aspx?UniqueId=e92bfaa5-3307-4229-a138-865bd3c0f0a5&Translate=false&tempauth=eyJ0eXAiOiJKV1QiLCJhbGciOiJIUzI1NiJ9.eyJhdWQiOiIwMDAwMDAwMy0wMDAwLTBmZjEtY2UwMC0wMDAwMDAwMDAwMDAvY2loZWJrZW55YW9yZy5zaGFyZXBvaW50LmNvbUAxYzE3NzcwZS1hMjY5LTQ1MTctYjI5Ni1jNzFlODQxOTY0NTQiLCJpc3MiOiIwMDAwMDAwMy0wMDAwLTBmZjEtY2UwMC0wMDAwMDAwMDAwMDAiLCJuYmYiOiIxNjg1OTU4NTI4IiwiZXhwIjoiMTY4NTk2MjEyOCIsImVuZHBvaW50dXJsIjoidDJiMW5HNDlISkNvbXBzM3orNVpGTTI2MVBQdi9NWVdNVnNBYnJWK1RyTT0iLCJlbmRwb2ludHVybExlbmd0aCI6IjE2MSIsImlzbG9vcGJhY2siOiJUcnVlIiwiY2lkIjoiczJpUGp2QWlnMCtaQWk4QlN0ZXhyQT09IiwidmVyIjoiaGFzaGVkcHJvb2Z0b2tlbiIsInNpdGVpZCI6IlptRTVaakZqWkRNdE5UTmpZeTAwWVRreUxUZzFOMkV0TldWbFptWmlZVEE0TnpSaSIsImFwcF9kaXNwbGF5bmFtZSI6IlNZU1RFTSBCQUNLVVAiLCJuYW1laWQiOiIzOTFlNTVjZC01Mjg3LTRlMjMtOWM4ZC00ZDY5MTc5NDRkMTJAMWMxNzc3MGUtYTI2OS00NTE3LWIyOTYtYzcxZTg0MTk2NDU0Iiwicm9sZXMiOiJhbGxzaXRlcy5yZWFkIGFsbHNpdGVzLndyaXRlIGFsbHNpdGVzLm1hbmFnZSBhbGxmaWxlcy53cml0ZSBhbGxmaWxlcy5yZWFkIiwidHQiOiIxIiwiaXBhZGRyIjoiMjAuMTkwLjE5MC4zMiJ9.xwo0wzsWs74A3MqgmKgDodZsl38pnSfH4UbRqmU-ijs&ApiVersion=2.0',99989564),('0167YEQWFH2ZIZG7CZPFCKS6OY3H5FXDLA','0167YEQWBWKTCQ5YLVIFCYTDJ73DEVDWKM','openmrs_2023-05-16_140004.sql.gz','2023-05-16 11:28:58','https://cihebkenyaorg.sharepoint.com/sites/HealthInformatics-SYSTEMBACKUP/Shared%20Documents/SYSTEM%20BACKUP/EVENT%20MANAGER/CONNECT/KenyaEMR/EASTLEIGH_HC/openmrs_2023-05-16_140004.sql.gz','https://cihebkenyaorg.sharepoint.com/sites/HealthInformatics-SYSTEMBACKUP/_layouts/15/download.aspx?UniqueId=9351d6a7-597c-4479-a979-d8d9fa5b8d60&Translate=false&tempauth=eyJ0eXAiOiJKV1QiLCJhbGciOiJIUzI1NiJ9.eyJhdWQiOiIwMDAwMDAwMy0wMDAwLTBmZjEtY2UwMC0wMDAwMDAwMDAwMDAvY2loZWJrZW55YW9yZy5zaGFyZXBvaW50LmNvbUAxYzE3NzcwZS1hMjY5LTQ1MTctYjI5Ni1jNzFlODQxOTY0NTQiLCJpc3MiOiIwMDAwMDAwMy0wMDAwLTBmZjEtY2UwMC0wMDAwMDAwMDAwMDAiLCJuYmYiOiIxNjg1OTU4NTM2IiwiZXhwIjoiMTY4NTk2MjEzNiIsImVuZHBvaW50dXJsIjoibGxwVGVtSEZ1YzgxY3VNdG1rUlB0NUNCb0NHVFdZc2pEUlJBVmZNckYvRT0iLCJlbmRwb2ludHVybExlbmd0aCI6IjE2MSIsImlzbG9vcGJhY2siOiJUcnVlIiwiY2lkIjoiSno1WXFDTkRGVTZibjFOR0xOZ0Qrdz09IiwidmVyIjoiaGFzaGVkcHJvb2Z0b2tlbiIsInNpdGVpZCI6IlptRTVaakZqWkRNdE5UTmpZeTAwWVRreUxUZzFOMkV0TldWbFptWmlZVEE0TnpSaSIsImFwcF9kaXNwbGF5bmFtZSI6IlNZU1RFTSBCQUNLVVAiLCJuYW1laWQiOiIzOTFlNTVjZC01Mjg3LTRlMjMtOWM4ZC00ZDY5MTc5NDRkMTJAMWMxNzc3MGUtYTI2OS00NTE3LWIyOTYtYzcxZTg0MTk2NDU0Iiwicm9sZXMiOiJhbGxzaXRlcy5yZWFkIGFsbHNpdGVzLndyaXRlIGFsbHNpdGVzLm1hbmFnZSBhbGxmaWxlcy53cml0ZSBhbGxmaWxlcy5yZWFkIiwidHQiOiIxIiwiaXBhZGRyIjoiMjAuMTkwLjE5MC4zMiJ9.9UverZRZhJCvr166OcQ8bENZOulQr0dtQvA04-ebQoc&ApiVersion=2.0',58543154),('0167YEQWFMMMLCBVEMIVH3EDMHZKQGTW3C','0167YEQWBHMXJPKZT7YZFJQAI76PHKJ6D7','openmrs_2023-05-16_140001.sql.gz','2023-05-16 11:36:26','https://cihebkenyaorg.sharepoint.com/sites/HealthInformatics-SYSTEMBACKUP/Shared%20Documents/SYSTEM%20BACKUP/EVENT%20MANAGER/CONNECT/KenyaEMR/BHESP/openmrs_2023-05-16_140001.sql.gz','https://cihebkenyaorg.sharepoint.com/sites/HealthInformatics-SYSTEMBACKUP/_layouts/15/download.aspx?UniqueId=201663ac-8cd4-4f45-b20d-87caa069db62&Translate=false&tempauth=eyJ0eXAiOiJKV1QiLCJhbGciOiJIUzI1NiJ9.eyJhdWQiOiIwMDAwMDAwMy0wMDAwLTBmZjEtY2UwMC0wMDAwMDAwMDAwMDAvY2loZWJrZW55YW9yZy5zaGFyZXBvaW50LmNvbUAxYzE3NzcwZS1hMjY5LTQ1MTctYjI5Ni1jNzFlODQxOTY0NTQiLCJpc3MiOiIwMDAwMDAwMy0wMDAwLTBmZjEtY2UwMC0wMDAwMDAwMDAwMDAiLCJuYmYiOiIxNjg1OTU4NTI4IiwiZXhwIjoiMTY4NTk2MjEyOCIsImVuZHBvaW50dXJsIjoiS1NJeTZXYm1JN3A5dy91UHBtdjUxY2VjTlRnNm5CWTJlb29YSmVrYmZ2Zz0iLCJlbmRwb2ludHVybExlbmd0aCI6IjE2MSIsImlzbG9vcGJhY2siOiJUcnVlIiwiY2lkIjoiczJpUGp2QWlnMCtaQWk4QlN0ZXhyQT09IiwidmVyIjoiaGFzaGVkcHJvb2Z0b2tlbiIsInNpdGVpZCI6IlptRTVaakZqWkRNdE5UTmpZeTAwWVRreUxUZzFOMkV0TldWbFptWmlZVEE0TnpSaSIsImFwcF9kaXNwbGF5bmFtZSI6IlNZU1RFTSBCQUNLVVAiLCJuYW1laWQiOiIzOTFlNTVjZC01Mjg3LTRlMjMtOWM4ZC00ZDY5MTc5NDRkMTJAMWMxNzc3MGUtYTI2OS00NTE3LWIyOTYtYzcxZTg0MTk2NDU0Iiwicm9sZXMiOiJhbGxzaXRlcy5yZWFkIGFsbHNpdGVzLndyaXRlIGFsbHNpdGVzLm1hbmFnZSBhbGxmaWxlcy53cml0ZSBhbGxmaWxlcy5yZWFkIiwidHQiOiIxIiwiaXBhZGRyIjoiMjAuMTkwLjE5MC4zMiJ9.3HWrS8HewaAO5Gux4VgytqaPur9ez-JcDkAqgscDY5w&ApiVersion=2.0',99627218),('0167YEQWFTE5KISYGRAJHJNL5KPOQL2MKT','0167YEQWC32NUYASTCWREYKXIJHDRGC2OI','openmrs_2023-05-19_150001.sql.gz','2023-05-19 12:01:58','https://cihebkenyaorg.sharepoint.com/sites/HealthInformatics-SYSTEMBACKUP/Shared%20Documents/SYSTEM%20BACKUP/EVENT%20MANAGER/CONNECT/KenyaEMR/BABADOGO_HC/openmrs_2023-05-19_150001.sql.gz','https://cihebkenyaorg.sharepoint.com/sites/HealthInformatics-SYSTEMBACKUP/_layouts/15/download.aspx?UniqueId=895427b3-d160-4e02-96af-aa7ba0bd3153&Translate=false&tempauth=eyJ0eXAiOiJKV1QiLCJhbGciOiJIUzI1NiJ9.eyJhdWQiOiIwMDAwMDAwMy0wMDAwLTBmZjEtY2UwMC0wMDAwMDAwMDAwMDAvY2loZWJrZW55YW9yZy5zaGFyZXBvaW50LmNvbUAxYzE3NzcwZS1hMjY5LTQ1MTctYjI5Ni1jNzFlODQxOTY0NTQiLCJpc3MiOiIwMDAwMDAwMy0wMDAwLTBmZjEtY2UwMC0wMDAwMDAwMDAwMDAiLCJuYmYiOiIxNjg1OTU4NTQzIiwiZXhwIjoiMTY4NTk2MjE0MyIsImVuZHBvaW50dXJsIjoiaXo3NHdoWlNwMDE0cmN2elBvNG1nNHl4V3Q3a1dzY0RMY1B4T1MvakdFOD0iLCJlbmRwb2ludHVybExlbmd0aCI6IjE2MSIsImlzbG9vcGJhY2siOiJUcnVlIiwiY2lkIjoiaDhmZWUvQnRiVTJ6QTk1NzZnSUlpQT09IiwidmVyIjoiaGFzaGVkcHJvb2Z0b2tlbiIsInNpdGVpZCI6IlptRTVaakZqWkRNdE5UTmpZeTAwWVRreUxUZzFOMkV0TldWbFptWmlZVEE0TnpSaSIsImFwcF9kaXNwbGF5bmFtZSI6IlNZU1RFTSBCQUNLVVAiLCJuYW1laWQiOiIzOTFlNTVjZC01Mjg3LTRlMjMtOWM4ZC00ZDY5MTc5NDRkMTJAMWMxNzc3MGUtYTI2OS00NTE3LWIyOTYtYzcxZTg0MTk2NDU0Iiwicm9sZXMiOiJhbGxzaXRlcy5yZWFkIGFsbHNpdGVzLndyaXRlIGFsbHNpdGVzLm1hbmFnZSBhbGxmaWxlcy53cml0ZSBhbGxmaWxlcy5yZWFkIiwidHQiOiIxIiwiaXBhZGRyIjoiMjAuMTkwLjE5MC4zMiJ9.Yt7VgirDdQK-Es1oAmYVTsWRCtDxoAM_YZvk3eenClw&ApiVersion=2.0',107359806),('0167YEQWFXNPWVWDA6ZJB3N5PJMR7X3EDA','0167YEQWBHMXJPKZT7YZFJQAI76PHKJ6D7','openmrs_2023-05-19_140001.sql.gz','2023-05-19 11:42:03','https://cihebkenyaorg.sharepoint.com/sites/HealthInformatics-SYSTEMBACKUP/Shared%20Documents/SYSTEM%20BACKUP/EVENT%20MANAGER/CONNECT/KenyaEMR/BHESP/openmrs_2023-05-19_140001.sql.gz','https://cihebkenyaorg.sharepoint.com/sites/HealthInformatics-SYSTEMBACKUP/_layouts/15/download.aspx?UniqueId=5bed6bb7-1e0c-43ca-b6f5-e9647f7d9060&Translate=false&tempauth=eyJ0eXAiOiJKV1QiLCJhbGciOiJIUzI1NiJ9.eyJhdWQiOiIwMDAwMDAwMy0wMDAwLTBmZjEtY2UwMC0wMDAwMDAwMDAwMDAvY2loZWJrZW55YW9yZy5zaGFyZXBvaW50LmNvbUAxYzE3NzcwZS1hMjY5LTQ1MTctYjI5Ni1jNzFlODQxOTY0NTQiLCJpc3MiOiIwMDAwMDAwMy0wMDAwLTBmZjEtY2UwMC0wMDAwMDAwMDAwMDAiLCJuYmYiOiIxNjg1OTU4NTI4IiwiZXhwIjoiMTY4NTk2MjEyOCIsImVuZHBvaW50dXJsIjoiZ290ekt2Z2psR0Nrbk56ZkhLZi9KOGY1VlhRSm0wREtZdGUvSVppbWFMWT0iLCJlbmRwb2ludHVybExlbmd0aCI6IjE2MSIsImlzbG9vcGJhY2siOiJUcnVlIiwiY2lkIjoiczJpUGp2QWlnMCtaQWk4QlN0ZXhyQT09IiwidmVyIjoiaGFzaGVkcHJvb2Z0b2tlbiIsInNpdGVpZCI6IlptRTVaakZqWkRNdE5UTmpZeTAwWVRreUxUZzFOMkV0TldWbFptWmlZVEE0TnpSaSIsImFwcF9kaXNwbGF5bmFtZSI6IlNZU1RFTSBCQUNLVVAiLCJuYW1laWQiOiIzOTFlNTVjZC01Mjg3LTRlMjMtOWM4ZC00ZDY5MTc5NDRkMTJAMWMxNzc3MGUtYTI2OS00NTE3LWIyOTYtYzcxZTg0MTk2NDU0Iiwicm9sZXMiOiJhbGxzaXRlcy5yZWFkIGFsbHNpdGVzLndyaXRlIGFsbHNpdGVzLm1hbmFnZSBhbGxmaWxlcy53cml0ZSBhbGxmaWxlcy5yZWFkIiwidHQiOiIxIiwiaXBhZGRyIjoiMjAuMTkwLjE5MC4zMiJ9.wv4gaQc4n6O4b-ZG7uyaXwHx9seitmfcyTA1HrWrPSM&ApiVersion=2.0',100085677),('0167YEQWG245454DTAPVBYFN62VI2CH7HA','0167YEQWC32NUYASTCWREYKXIJHDRGC2OI','openmrs_2023-05-22_150001.sql.gz','2023-05-22 12:01:47','https://cihebkenyaorg.sharepoint.com/sites/HealthInformatics-SYSTEMBACKUP/Shared%20Documents/SYSTEM%20BACKUP/EVENT%20MANAGER/CONNECT/KenyaEMR/BABADOGO_HC/openmrs_2023-05-22_150001.sql.gz','https://cihebkenyaorg.sharepoint.com/sites/HealthInformatics-SYSTEMBACKUP/_layouts/15/download.aspx?UniqueId=de79e7da-600e-437d-82b7-daaa3423fce0&Translate=false&tempauth=eyJ0eXAiOiJKV1QiLCJhbGciOiJIUzI1NiJ9.eyJhdWQiOiIwMDAwMDAwMy0wMDAwLTBmZjEtY2UwMC0wMDAwMDAwMDAwMDAvY2loZWJrZW55YW9yZy5zaGFyZXBvaW50LmNvbUAxYzE3NzcwZS1hMjY5LTQ1MTctYjI5Ni1jNzFlODQxOTY0NTQiLCJpc3MiOiIwMDAwMDAwMy0wMDAwLTBmZjEtY2UwMC0wMDAwMDAwMDAwMDAiLCJuYmYiOiIxNjg1OTU4NTQzIiwiZXhwIjoiMTY4NTk2MjE0MyIsImVuZHBvaW50dXJsIjoiTG5sMkF6amxXMDBtUXFMYzFPaURjWXlQK0tQL3N6MGZ4Q1VKL3U2SkllWT0iLCJlbmRwb2ludHVybExlbmd0aCI6IjE2MSIsImlzbG9vcGJhY2siOiJUcnVlIiwiY2lkIjoiaDhmZWUvQnRiVTJ6QTk1NzZnSUlpQT09IiwidmVyIjoiaGFzaGVkcHJvb2Z0b2tlbiIsInNpdGVpZCI6IlptRTVaakZqWkRNdE5UTmpZeTAwWVRreUxUZzFOMkV0TldWbFptWmlZVEE0TnpSaSIsImFwcF9kaXNwbGF5bmFtZSI6IlNZU1RFTSBCQUNLVVAiLCJuYW1laWQiOiIzOTFlNTVjZC01Mjg3LTRlMjMtOWM4ZC00ZDY5MTc5NDRkMTJAMWMxNzc3MGUtYTI2OS00NTE3LWIyOTYtYzcxZTg0MTk2NDU0Iiwicm9sZXMiOiJhbGxzaXRlcy5yZWFkIGFsbHNpdGVzLndyaXRlIGFsbHNpdGVzLm1hbmFnZSBhbGxmaWxlcy53cml0ZSBhbGxmaWxlcy5yZWFkIiwidHQiOiIxIiwiaXBhZGRyIjoiMjAuMTkwLjE5MC4zMiJ9.t76IKYuT_efzBtwMjGZOzDC117AcmQ8WgUz6SH7sBdc&ApiVersion=2.0',108070769),('0167YEQWG3LD5NF7Y57NEI7W2DPGXRMR56','0167YEQWBN4VQWC5CSFZHJMHCSYEDUUVW2','5thsep2022adherence_monitoring_backup_1686056124.zip','2023-06-06 09:57:05','https://cihebkenyaorg.sharepoint.com/sites/HealthInformatics-SYSTEMBACKUP/Shared%20Documents/SYSTEM%20BACKUP/EVENT%20MANAGER/CONNECT/KenyaEMR/DANDORA_HC/5thsep2022adherence_monitoring_backup_1686056124.zip','https://cihebkenyaorg.sharepoint.com/sites/HealthInformatics-SYSTEMBACKUP/_layouts/15/download.aspx?UniqueId=d2fa58db-1dff-48fb-8fdb-4379af1647be&Translate=false&tempauth=eyJ0eXAiOiJKV1QiLCJhbGciOiJIUzI1NiJ9.eyJhdWQiOiIwMDAwMDAwMy0wMDAwLTBmZjEtY2UwMC0wMDAwMDAwMDAwMDAvY2loZWJrZW55YW9yZy5zaGFyZXBvaW50LmNvbUAxYzE3NzcwZS1hMjY5LTQ1MTctYjI5Ni1jNzFlODQxOTY0NTQiLCJpc3MiOiIwMDAwMDAwMy0wMDAwLTBmZjEtY2UwMC0wMDAwMDAwMDAwMDAiLCJuYmYiOiIxNjg2MDU2MjI1IiwiZXhwIjoiMTY4NjA1OTgyNSIsImVuZHBvaW50dXJsIjoiemt3eXFJY016elczcDM1L1RsNmxBTkxBbUhsUnhTV2tGc1FkM2ZqZUNxVT0iLCJlbmRwb2ludHVybExlbmd0aCI6IjE2MSIsImlzbG9vcGJhY2siOiJUcnVlIiwiY2lkIjoiWjhONisxZ3BXMDZWZ1RrMjA3VFhBZz09IiwidmVyIjoiaGFzaGVkcHJvb2Z0b2tlbiIsInNpdGVpZCI6IlptRTVaakZqWkRNdE5UTmpZeTAwWVRreUxUZzFOMkV0TldWbFptWmlZVEE0TnpSaSIsImFwcF9kaXNwbGF5bmFtZSI6IlNZU1RFTSBCQUNLVVAiLCJuYW1laWQiOiIzOTFlNTVjZC01Mjg3LTRlMjMtOWM4ZC00ZDY5MTc5NDRkMTJAMWMxNzc3MGUtYTI2OS00NTE3LWIyOTYtYzcxZTg0MTk2NDU0Iiwicm9sZXMiOiJhbGxzaXRlcy5yZWFkIGFsbHNpdGVzLndyaXRlIGFsbHNpdGVzLm1hbmFnZSBhbGxmaWxlcy53cml0ZSBhbGxmaWxlcy5yZWFkIiwidHQiOiIxIiwiaXBhZGRyIjoiMjAuMTkwLjE5MC4zNSJ9.HjVr_hIWDbaDCdFoBzbCSw125Fti68mKvQuAuL1ncOQ&ApiVersion=2.0',22668949),('0167YEQWGEODADPAI6RBFIZ5DFHK4JJDM2','0167YEQWC32NUYASTCWREYKXIJHDRGC2OI','openmrs_2023-05-12_150027.sql.gz','2023-05-12 12:03:13','https://cihebkenyaorg.sharepoint.com/sites/HealthInformatics-SYSTEMBACKUP/Shared%20Documents/SYSTEM%20BACKUP/EVENT%20MANAGER/CONNECT/KenyaEMR/BABADOGO_HC/openmrs_2023-05-12_150027.sql.gz','https://cihebkenyaorg.sharepoint.com/sites/HealthInformatics-SYSTEMBACKUP/_layouts/15/download.aspx?UniqueId=37c070c4-1e81-4a88-8cf4-653ab8948d9a&Translate=false&tempauth=eyJ0eXAiOiJKV1QiLCJhbGciOiJIUzI1NiJ9.eyJhdWQiOiIwMDAwMDAwMy0wMDAwLTBmZjEtY2UwMC0wMDAwMDAwMDAwMDAvY2loZWJrZW55YW9yZy5zaGFyZXBvaW50LmNvbUAxYzE3NzcwZS1hMjY5LTQ1MTctYjI5Ni1jNzFlODQxOTY0NTQiLCJpc3MiOiIwMDAwMDAwMy0wMDAwLTBmZjEtY2UwMC0wMDAwMDAwMDAwMDAiLCJuYmYiOiIxNjg1OTU4NTQzIiwiZXhwIjoiMTY4NTk2MjE0MyIsImVuZHBvaW50dXJsIjoidnU0YStHQ0tXRTkvQjRDbDFzcHpGVnJqYlMvZlpGRWRuVnB2Zm5QQ05XZz0iLCJlbmRwb2ludHVybExlbmd0aCI6IjE2MSIsImlzbG9vcGJhY2siOiJUcnVlIiwiY2lkIjoiaDhmZWUvQnRiVTJ6QTk1NzZnSUlpQT09IiwidmVyIjoiaGFzaGVkcHJvb2Z0b2tlbiIsInNpdGVpZCI6IlptRTVaakZqWkRNdE5UTmpZeTAwWVRreUxUZzFOMkV0TldWbFptWmlZVEE0TnpSaSIsImFwcF9kaXNwbGF5bmFtZSI6IlNZU1RFTSBCQUNLVVAiLCJuYW1laWQiOiIzOTFlNTVjZC01Mjg3LTRlMjMtOWM4ZC00ZDY5MTc5NDRkMTJAMWMxNzc3MGUtYTI2OS00NTE3LWIyOTYtYzcxZTg0MTk2NDU0Iiwicm9sZXMiOiJhbGxzaXRlcy5yZWFkIGFsbHNpdGVzLndyaXRlIGFsbHNpdGVzLm1hbmFnZSBhbGxmaWxlcy53cml0ZSBhbGxmaWxlcy5yZWFkIiwidHQiOiIxIiwiaXBhZGRyIjoiMjAuMTkwLjE5MC4zMiJ9.HjpMz_e6rLwWVgdF6aTlh-QEqBozZdTYERSl8XEbBQU&ApiVersion=2.0',105533841),('0167YEQWGEOMQ53FE7WBC2MX2SKF6RGJBW','0167YEQWC32NUYASTCWREYKXIJHDRGC2OI','openmrs_2023-06-02_150002.sql.gz','2023-06-02 12:02:09','https://cihebkenyaorg.sharepoint.com/sites/HealthInformatics-SYSTEMBACKUP/Shared%20Documents/SYSTEM%20BACKUP/EVENT%20MANAGER/CONNECT/KenyaEMR/BABADOGO_HC/openmrs_2023-06-02_150002.sql.gz','https://cihebkenyaorg.sharepoint.com/sites/HealthInformatics-SYSTEMBACKUP/_layouts/15/download.aspx?UniqueId=dd2173c4-9f94-45b0-a65f-52517d132436&Translate=false&tempauth=eyJ0eXAiOiJKV1QiLCJhbGciOiJIUzI1NiJ9.eyJhdWQiOiIwMDAwMDAwMy0wMDAwLTBmZjEtY2UwMC0wMDAwMDAwMDAwMDAvY2loZWJrZW55YW9yZy5zaGFyZXBvaW50LmNvbUAxYzE3NzcwZS1hMjY5LTQ1MTctYjI5Ni1jNzFlODQxOTY0NTQiLCJpc3MiOiIwMDAwMDAwMy0wMDAwLTBmZjEtY2UwMC0wMDAwMDAwMDAwMDAiLCJuYmYiOiIxNjg1OTU4NTQzIiwiZXhwIjoiMTY4NTk2MjE0MyIsImVuZHBvaW50dXJsIjoicGFmd05oSkJpOUhkZ2lBQkhyTEV5UWxYYloyaDRTL1hDYWN1eVJKbFoyUT0iLCJlbmRwb2ludHVybExlbmd0aCI6IjE2MSIsImlzbG9vcGJhY2siOiJUcnVlIiwiY2lkIjoiaDhmZWUvQnRiVTJ6QTk1NzZnSUlpQT09IiwidmVyIjoiaGFzaGVkcHJvb2Z0b2tlbiIsInNpdGVpZCI6IlptRTVaakZqWkRNdE5UTmpZeTAwWVRreUxUZzFOMkV0TldWbFptWmlZVEE0TnpSaSIsImFwcF9kaXNwbGF5bmFtZSI6IlNZU1RFTSBCQUNLVVAiLCJuYW1laWQiOiIzOTFlNTVjZC01Mjg3LTRlMjMtOWM4ZC00ZDY5MTc5NDRkMTJAMWMxNzc3MGUtYTI2OS00NTE3LWIyOTYtYzcxZTg0MTk2NDU0Iiwicm9sZXMiOiJhbGxzaXRlcy5yZWFkIGFsbHNpdGVzLndyaXRlIGFsbHNpdGVzLm1hbmFnZSBhbGxmaWxlcy53cml0ZSBhbGxmaWxlcy5yZWFkIiwidHQiOiIxIiwiaXBhZGRyIjoiMjAuMTkwLjE5MC4zMiJ9.6ercQ1-XKV2SP-ASe66Y6nbr0dOiKTOnYabV8ClzKyI&ApiVersion=2.0',110360357),('0167YEQWGFL3LRH5DV2VDKALGWSUSWZ7Y7','0167YEQWBWKTCQ5YLVIFCYTDJ73DEVDWKM','openmrs_2023-04-28_140002.sql.gz','2023-04-28 11:32:59','https://cihebkenyaorg.sharepoint.com/sites/HealthInformatics-SYSTEMBACKUP/Shared%20Documents/SYSTEM%20BACKUP/EVENT%20MANAGER/CONNECT/KenyaEMR/EASTLEIGH_HC/openmrs_2023-04-28_140002.sql.gz','https://cihebkenyaorg.sharepoint.com/sites/HealthInformatics-SYSTEMBACKUP/_layouts/15/download.aspx?UniqueId=13d75ec5-75f4-46d5-a02c-d695256cff1f&Translate=false&tempauth=eyJ0eXAiOiJKV1QiLCJhbGciOiJIUzI1NiJ9.eyJhdWQiOiIwMDAwMDAwMy0wMDAwLTBmZjEtY2UwMC0wMDAwMDAwMDAwMDAvY2loZWJrZW55YW9yZy5zaGFyZXBvaW50LmNvbUAxYzE3NzcwZS1hMjY5LTQ1MTctYjI5Ni1jNzFlODQxOTY0NTQiLCJpc3MiOiIwMDAwMDAwMy0wMDAwLTBmZjEtY2UwMC0wMDAwMDAwMDAwMDAiLCJuYmYiOiIxNjg1OTU4NTM2IiwiZXhwIjoiMTY4NTk2MjEzNiIsImVuZHBvaW50dXJsIjoiNCtvalNjTWxCaHRQbDAzQllZMFlHU0d0VjZrRTV5ZlNtNWFtbUNzUUZXQT0iLCJlbmRwb2ludHVybExlbmd0aCI6IjE2MSIsImlzbG9vcGJhY2siOiJUcnVlIiwiY2lkIjoiSno1WXFDTkRGVTZibjFOR0xOZ0Qrdz09IiwidmVyIjoiaGFzaGVkcHJvb2Z0b2tlbiIsInNpdGVpZCI6IlptRTVaakZqWkRNdE5UTmpZeTAwWVRreUxUZzFOMkV0TldWbFptWmlZVEE0TnpSaSIsImFwcF9kaXNwbGF5bmFtZSI6IlNZU1RFTSBCQUNLVVAiLCJuYW1laWQiOiIzOTFlNTVjZC01Mjg3LTRlMjMtOWM4ZC00ZDY5MTc5NDRkMTJAMWMxNzc3MGUtYTI2OS00NTE3LWIyOTYtYzcxZTg0MTk2NDU0Iiwicm9sZXMiOiJhbGxzaXRlcy5yZWFkIGFsbHNpdGVzLndyaXRlIGFsbHNpdGVzLm1hbmFnZSBhbGxmaWxlcy53cml0ZSBhbGxmaWxlcy5yZWFkIiwidHQiOiIxIiwiaXBhZGRyIjoiMjAuMTkwLjE5MC4zMiJ9.cVUVKPfnHTyNeFPBUpy8n83xjS5D2HOTYw02MSISy6c&ApiVersion=2.0',57955599),('0167YEQWGG2UKRZ7EWJFFJYKVZOUBAO6BC','0167YEQWC32NUYASTCWREYKXIJHDRGC2OI','openmrs_2023-05-28_150001.sql.gz','2023-05-28 12:02:17','https://cihebkenyaorg.sharepoint.com/sites/HealthInformatics-SYSTEMBACKUP/Shared%20Documents/SYSTEM%20BACKUP/EVENT%20MANAGER/CONNECT/KenyaEMR/BABADOGO_HC/openmrs_2023-05-28_150001.sql.gz','https://cihebkenyaorg.sharepoint.com/sites/HealthInformatics-SYSTEMBACKUP/_layouts/15/download.aspx?UniqueId=1c15d5c6-96fc-4a49-9c2a-b97502077822&Translate=false&tempauth=eyJ0eXAiOiJKV1QiLCJhbGciOiJIUzI1NiJ9.eyJhdWQiOiIwMDAwMDAwMy0wMDAwLTBmZjEtY2UwMC0wMDAwMDAwMDAwMDAvY2loZWJrZW55YW9yZy5zaGFyZXBvaW50LmNvbUAxYzE3NzcwZS1hMjY5LTQ1MTctYjI5Ni1jNzFlODQxOTY0NTQiLCJpc3MiOiIwMDAwMDAwMy0wMDAwLTBmZjEtY2UwMC0wMDAwMDAwMDAwMDAiLCJuYmYiOiIxNjg1OTU4NTQzIiwiZXhwIjoiMTY4NTk2MjE0MyIsImVuZHBvaW50dXJsIjoiamI4SG1hTStVYjhxcmIraFlJb1hIak8zbFREVGhQMm1vTjBzRlBmT29tdz0iLCJlbmRwb2ludHVybExlbmd0aCI6IjE2MSIsImlzbG9vcGJhY2siOiJUcnVlIiwiY2lkIjoiaDhmZWUvQnRiVTJ6QTk1NzZnSUlpQT09IiwidmVyIjoiaGFzaGVkcHJvb2Z0b2tlbiIsInNpdGVpZCI6IlptRTVaakZqWkRNdE5UTmpZeTAwWVRreUxUZzFOMkV0TldWbFptWmlZVEE0TnpSaSIsImFwcF9kaXNwbGF5bmFtZSI6IlNZU1RFTSBCQUNLVVAiLCJuYW1laWQiOiIzOTFlNTVjZC01Mjg3LTRlMjMtOWM4ZC00ZDY5MTc5NDRkMTJAMWMxNzc3MGUtYTI2OS00NTE3LWIyOTYtYzcxZTg0MTk2NDU0Iiwicm9sZXMiOiJhbGxzaXRlcy5yZWFkIGFsbHNpdGVzLndyaXRlIGFsbHNpdGVzLm1hbmFnZSBhbGxmaWxlcy53cml0ZSBhbGxmaWxlcy5yZWFkIiwidHQiOiIxIiwiaXBhZGRyIjoiMjAuMTkwLjE5MC4zMiJ9.SOj9fA5--dkm7w5VDK1hzSJBflkbUAlJQqtQc1N1iko&ApiVersion=2.0',109319289),('0167YEQWGJYFLK3BSLJZCL3IKW7YLBE2SD','0167YEQWAJ7PZMFVVG4JFYHI5534FBGDPA','crims_live_2023-06-05_052821.sql.7z','2023-06-05 02:52:27','https://cihebkenyaorg.sharepoint.com/sites/HealthInformatics-SYSTEMBACKUP/Shared%20Documents/SYSTEM%20BACKUP/EVENT%20MANAGER/CRIMS/BACKUP/crims_live_2023-06-05_052821.sql.7z','https://cihebkenyaorg.sharepoint.com/sites/HealthInformatics-SYSTEMBACKUP/_layouts/15/download.aspx?UniqueId=ad56c1c9-4b86-444e-bda1-56fe16126a43&Translate=false&tempauth=eyJ0eXAiOiJKV1QiLCJhbGciOiJIUzI1NiJ9.eyJhdWQiOiIwMDAwMDAwMy0wMDAwLTBmZjEtY2UwMC0wMDAwMDAwMDAwMDAvY2loZWJrZW55YW9yZy5zaGFyZXBvaW50LmNvbUAxYzE3NzcwZS1hMjY5LTQ1MTctYjI5Ni1jNzFlODQxOTY0NTQiLCJpc3MiOiIwMDAwMDAwMy0wMDAwLTBmZjEtY2UwMC0wMDAwMDAwMDAwMDAiLCJuYmYiOiIxNjg1OTU4NTQ2IiwiZXhwIjoiMTY4NTk2MjE0NiIsImVuZHBvaW50dXJsIjoiLy92NC9yMFViSWlUTkZYYkNvcFNJcnp2by93TUVSVlU5UzF5aHovSThVQT0iLCJlbmRwb2ludHVybExlbmd0aCI6IjE2MSIsImlzbG9vcGJhY2siOiJUcnVlIiwiY2lkIjoiak9ubWluMWF0a1dOaGpSQ0ZNTmNQUT09IiwidmVyIjoiaGFzaGVkcHJvb2Z0b2tlbiIsInNpdGVpZCI6IlptRTVaakZqWkRNdE5UTmpZeTAwWVRreUxUZzFOMkV0TldWbFptWmlZVEE0TnpSaSIsImFwcF9kaXNwbGF5bmFtZSI6IlNZU1RFTSBCQUNLVVAiLCJuYW1laWQiOiIzOTFlNTVjZC01Mjg3LTRlMjMtOWM4ZC00ZDY5MTc5NDRkMTJAMWMxNzc3MGUtYTI2OS00NTE3LWIyOTYtYzcxZTg0MTk2NDU0Iiwicm9sZXMiOiJhbGxzaXRlcy5yZWFkIGFsbHNpdGVzLndyaXRlIGFsbHNpdGVzLm1hbmFnZSBhbGxmaWxlcy53cml0ZSBhbGxmaWxlcy5yZWFkIiwidHQiOiIxIiwiaXBhZGRyIjoiMjAuMTkwLjE5MC4zMiJ9.KbzAT_DK4IP3BCgidaB1-VzT2c0gi829N9ZvriYJTf0&ApiVersion=2.0',291008542),('0167YEQWGKCK4YZLOKDVDINW3L3F3LA3H5','0167YEQWC32NUYASTCWREYKXIJHDRGC2OI','openmrs_2023-05-09_150002.sql.gz','2023-05-09 12:02:18','https://cihebkenyaorg.sharepoint.com/sites/HealthInformatics-SYSTEMBACKUP/Shared%20Documents/SYSTEM%20BACKUP/EVENT%20MANAGER/CONNECT/KenyaEMR/BABADOGO_HC/openmrs_2023-05-09_150002.sql.gz','https://cihebkenyaorg.sharepoint.com/sites/HealthInformatics-SYSTEMBACKUP/_layouts/15/download.aspx?UniqueId=8cb912ca-caad-461d-86db-6bd976b06cfd&Translate=false&tempauth=eyJ0eXAiOiJKV1QiLCJhbGciOiJIUzI1NiJ9.eyJhdWQiOiIwMDAwMDAwMy0wMDAwLTBmZjEtY2UwMC0wMDAwMDAwMDAwMDAvY2loZWJrZW55YW9yZy5zaGFyZXBvaW50LmNvbUAxYzE3NzcwZS1hMjY5LTQ1MTctYjI5Ni1jNzFlODQxOTY0NTQiLCJpc3MiOiIwMDAwMDAwMy0wMDAwLTBmZjEtY2UwMC0wMDAwMDAwMDAwMDAiLCJuYmYiOiIxNjg1OTU4NTQzIiwiZXhwIjoiMTY4NTk2MjE0MyIsImVuZHBvaW50dXJsIjoiRUx6VTBGU01pbXdSUmVqSjI1VThsWHNVc1E2WWFzZ3hhT1gwbkozdnZUUT0iLCJlbmRwb2ludHVybExlbmd0aCI6IjE2MSIsImlzbG9vcGJhY2siOiJUcnVlIiwiY2lkIjoiaDhmZWUvQnRiVTJ6QTk1NzZnSUlpQT09IiwidmVyIjoiaGFzaGVkcHJvb2Z0b2tlbiIsInNpdGVpZCI6IlptRTVaakZqWkRNdE5UTmpZeTAwWVRreUxUZzFOMkV0TldWbFptWmlZVEE0TnpSaSIsImFwcF9kaXNwbGF5bmFtZSI6IlNZU1RFTSBCQUNLVVAiLCJuYW1laWQiOiIzOTFlNTVjZC01Mjg3LTRlMjMtOWM4ZC00ZDY5MTc5NDRkMTJAMWMxNzc3MGUtYTI2OS00NTE3LWIyOTYtYzcxZTg0MTk2NDU0Iiwicm9sZXMiOiJhbGxzaXRlcy5yZWFkIGFsbHNpdGVzLndyaXRlIGFsbHNpdGVzLm1hbmFnZSBhbGxmaWxlcy53cml0ZSBhbGxmaWxlcy5yZWFkIiwidHQiOiIxIiwiaXBhZGRyIjoiMjAuMTkwLjE5MC4zMiJ9.0YHbkdeprGCz1ftAdx06KjPaMZswLXxH2QbKJEYlmLQ&ApiVersion=2.0',105060314),('0167YEQWGMUOCSVCP6ANC3JQAIQPRJZM7V','0167YEQWBN4VQWC5CSFZHJMHCSYEDUUVW2','openmrs_2023-05-27_150002.sql.gz','2023-05-27 12:06:21','https://cihebkenyaorg.sharepoint.com/sites/HealthInformatics-SYSTEMBACKUP/Shared%20Documents/SYSTEM%20BACKUP/EVENT%20MANAGER/CONNECT/KenyaEMR/DANDORA_HC/openmrs_2023-05-27_150002.sql.gz','https://cihebkenyaorg.sharepoint.com/sites/HealthInformatics-SYSTEMBACKUP/_layouts/15/download.aspx?UniqueId=2a85a3cc-fe89-4503-b4c0-0883e29cb3f5&Translate=false&tempauth=eyJ0eXAiOiJKV1QiLCJhbGciOiJIUzI1NiJ9.eyJhdWQiOiIwMDAwMDAwMy0wMDAwLTBmZjEtY2UwMC0wMDAwMDAwMDAwMDAvY2loZWJrZW55YW9yZy5zaGFyZXBvaW50LmNvbUAxYzE3NzcwZS1hMjY5LTQ1MTctYjI5Ni1jNzFlODQxOTY0NTQiLCJpc3MiOiIwMDAwMDAwMy0wMDAwLTBmZjEtY2UwMC0wMDAwMDAwMDAwMDAiLCJuYmYiOiIxNjg1OTU4NTI3IiwiZXhwIjoiMTY4NTk2MjEyNyIsImVuZHBvaW50dXJsIjoiK2ZsQmtmU2duY0ZFemtVa29OYm9SSXE2TXBtbi9VVnNDVFA2K0JMNjZmTT0iLCJlbmRwb2ludHVybExlbmd0aCI6IjE2MSIsImlzbG9vcGJhY2siOiJUcnVlIiwiY2lkIjoiN3dEcVFELzNqRWlqQm9ob1g5OGlPQT09IiwidmVyIjoiaGFzaGVkcHJvb2Z0b2tlbiIsInNpdGVpZCI6IlptRTVaakZqWkRNdE5UTmpZeTAwWVRreUxUZzFOMkV0TldWbFptWmlZVEE0TnpSaSIsImFwcF9kaXNwbGF5bmFtZSI6IlNZU1RFTSBCQUNLVVAiLCJuYW1laWQiOiIzOTFlNTVjZC01Mjg3LTRlMjMtOWM4ZC00ZDY5MTc5NDRkMTJAMWMxNzc3MGUtYTI2OS00NTE3LWIyOTYtYzcxZTg0MTk2NDU0Iiwicm9sZXMiOiJhbGxzaXRlcy5yZWFkIGFsbHNpdGVzLndyaXRlIGFsbHNpdGVzLm1hbmFnZSBhbGxmaWxlcy53cml0ZSBhbGxmaWxlcy5yZWFkIiwidHQiOiIxIiwiaXBhZGRyIjoiMjAuMTkwLjE5MC4zMiJ9.h3qCsBB0qPv4k9DH2QORSzqq_m4fle8rcpsHEaGRHQA&ApiVersion=2.0',81682856),('0167YEQWGP5AE5S6XI3BCLSPBDAXA6M4TO','0167YEQWBHMXJPKZT7YZFJQAI76PHKJ6D7','openmrs_2023-05-17_140004.sql.gz','2023-05-17 11:39:09','https://cihebkenyaorg.sharepoint.com/sites/HealthInformatics-SYSTEMBACKUP/Shared%20Documents/SYSTEM%20BACKUP/EVENT%20MANAGER/CONNECT/KenyaEMR/BHESP/openmrs_2023-05-17_140004.sql.gz','https://cihebkenyaorg.sharepoint.com/sites/HealthInformatics-SYSTEMBACKUP/_layouts/15/download.aspx?UniqueId=d909e8cf-e87a-44d8-b93c-2305c1e6726e&Translate=false&tempauth=eyJ0eXAiOiJKV1QiLCJhbGciOiJIUzI1NiJ9.eyJhdWQiOiIwMDAwMDAwMy0wMDAwLTBmZjEtY2UwMC0wMDAwMDAwMDAwMDAvY2loZWJrZW55YW9yZy5zaGFyZXBvaW50LmNvbUAxYzE3NzcwZS1hMjY5LTQ1MTctYjI5Ni1jNzFlODQxOTY0NTQiLCJpc3MiOiIwMDAwMDAwMy0wMDAwLTBmZjEtY2UwMC0wMDAwMDAwMDAwMDAiLCJuYmYiOiIxNjg1OTU4NTI4IiwiZXhwIjoiMTY4NTk2MjEyOCIsImVuZHBvaW50dXJsIjoiRi9vejZUa2ZCUG50UXE4TFZLZ05Oa2J5N2U3cWs4alhISGFjTnlKbEw3az0iLCJlbmRwb2ludHVybExlbmd0aCI6IjE2MSIsImlzbG9vcGJhY2siOiJUcnVlIiwiY2lkIjoiczJpUGp2QWlnMCtaQWk4QlN0ZXhyQT09IiwidmVyIjoiaGFzaGVkcHJvb2Z0b2tlbiIsInNpdGVpZCI6IlptRTVaakZqWkRNdE5UTmpZeTAwWVRreUxUZzFOMkV0TldWbFptWmlZVEE0TnpSaSIsImFwcF9kaXNwbGF5bmFtZSI6IlNZU1RFTSBCQUNLVVAiLCJuYW1laWQiOiIzOTFlNTVjZC01Mjg3LTRlMjMtOWM4ZC00ZDY5MTc5NDRkMTJAMWMxNzc3MGUtYTI2OS00NTE3LWIyOTYtYzcxZTg0MTk2NDU0Iiwicm9sZXMiOiJhbGxzaXRlcy5yZWFkIGFsbHNpdGVzLndyaXRlIGFsbHNpdGVzLm1hbmFnZSBhbGxmaWxlcy53cml0ZSBhbGxmaWxlcy5yZWFkIiwidHQiOiIxIiwiaXBhZGRyIjoiMjAuMTkwLjE5MC4zMiJ9.tZAfZMLmNk1xb8Pn8PGsSfobbUyIdGFeIPAN4A1l0N4&ApiVersion=2.0',99893254),('0167YEQWGQ53G4KPHBUFGZ4YSYKSGDQEVM','0167YEQWC32NUYASTCWREYKXIJHDRGC2OI','openmrs_2023-05-14_150004.sql.gz','2023-05-14 12:02:59','https://cihebkenyaorg.sharepoint.com/sites/HealthInformatics-SYSTEMBACKUP/Shared%20Documents/SYSTEM%20BACKUP/EVENT%20MANAGER/CONNECT/KenyaEMR/BABADOGO_HC/openmrs_2023-05-14_150004.sql.gz','https://cihebkenyaorg.sharepoint.com/sites/HealthInformatics-SYSTEMBACKUP/_layouts/15/download.aspx?UniqueId=c5cdeed0-e13c-4da1-9e62-58548c3812ac&Translate=false&tempauth=eyJ0eXAiOiJKV1QiLCJhbGciOiJIUzI1NiJ9.eyJhdWQiOiIwMDAwMDAwMy0wMDAwLTBmZjEtY2UwMC0wMDAwMDAwMDAwMDAvY2loZWJrZW55YW9yZy5zaGFyZXBvaW50LmNvbUAxYzE3NzcwZS1hMjY5LTQ1MTctYjI5Ni1jNzFlODQxOTY0NTQiLCJpc3MiOiIwMDAwMDAwMy0wMDAwLTBmZjEtY2UwMC0wMDAwMDAwMDAwMDAiLCJuYmYiOiIxNjg1OTU4NTQzIiwiZXhwIjoiMTY4NTk2MjE0MyIsImVuZHBvaW50dXJsIjoiZ1B5dDZITE9UQXpHRUdKK3RMQ2lmL3FLZkJ6cnE5UmxlbEN3MXc5ZEtlUT0iLCJlbmRwb2ludHVybExlbmd0aCI6IjE2MSIsImlzbG9vcGJhY2siOiJUcnVlIiwiY2lkIjoiaDhmZWUvQnRiVTJ6QTk1NzZnSUlpQT09IiwidmVyIjoiaGFzaGVkcHJvb2Z0b2tlbiIsInNpdGVpZCI6IlptRTVaakZqWkRNdE5UTmpZeTAwWVRreUxUZzFOMkV0TldWbFptWmlZVEE0TnpSaSIsImFwcF9kaXNwbGF5bmFtZSI6IlNZU1RFTSBCQUNLVVAiLCJuYW1laWQiOiIzOTFlNTVjZC01Mjg3LTRlMjMtOWM4ZC00ZDY5MTc5NDRkMTJAMWMxNzc3MGUtYTI2OS00NTE3LWIyOTYtYzcxZTg0MTk2NDU0Iiwicm9sZXMiOiJhbGxzaXRlcy5yZWFkIGFsbHNpdGVzLndyaXRlIGFsbHNpdGVzLm1hbmFnZSBhbGxmaWxlcy53cml0ZSBhbGxmaWxlcy5yZWFkIiwidHQiOiIxIiwiaXBhZGRyIjoiMjAuMTkwLjE5MC4zMiJ9.S85S8s0Tb4zATR21wOnl3ayPs-Syb8h2ZXKpSWWORuk&ApiVersion=2.0',105672495),('0167YEQWGW7B2XYREXORC34OS25YEUTL3S','0167YEQWBN4VQWC5CSFZHJMHCSYEDUUVW2','openmrs_2023-05-30_150004.sql.gz','2023-05-30 12:08:03','https://cihebkenyaorg.sharepoint.com/sites/HealthInformatics-SYSTEMBACKUP/Shared%20Documents/SYSTEM%20BACKUP/EVENT%20MANAGER/CONNECT/KenyaEMR/DANDORA_HC/openmrs_2023-05-30_150004.sql.gz','https://cihebkenyaorg.sharepoint.com/sites/HealthInformatics-SYSTEMBACKUP/_layouts/15/download.aspx?UniqueId=7c75f8d6-9744-4574-be3a-5aee0949af72&Translate=false&tempauth=eyJ0eXAiOiJKV1QiLCJhbGciOiJIUzI1NiJ9.eyJhdWQiOiIwMDAwMDAwMy0wMDAwLTBmZjEtY2UwMC0wMDAwMDAwMDAwMDAvY2loZWJrZW55YW9yZy5zaGFyZXBvaW50LmNvbUAxYzE3NzcwZS1hMjY5LTQ1MTctYjI5Ni1jNzFlODQxOTY0NTQiLCJpc3MiOiIwMDAwMDAwMy0wMDAwLTBmZjEtY2UwMC0wMDAwMDAwMDAwMDAiLCJuYmYiOiIxNjg1OTU4NTI3IiwiZXhwIjoiMTY4NTk2MjEyNyIsImVuZHBvaW50dXJsIjoiNU0zRFBwMGtrZ3hLTk8yT2k3a2dKenJZTmZJWXBVdE5Iejg4cXpLL29mVT0iLCJlbmRwb2ludHVybExlbmd0aCI6IjE2MSIsImlzbG9vcGJhY2siOiJUcnVlIiwiY2lkIjoiN3dEcVFELzNqRWlqQm9ob1g5OGlPQT09IiwidmVyIjoiaGFzaGVkcHJvb2Z0b2tlbiIsInNpdGVpZCI6IlptRTVaakZqWkRNdE5UTmpZeTAwWVRreUxUZzFOMkV0TldWbFptWmlZVEE0TnpSaSIsImFwcF9kaXNwbGF5bmFtZSI6IlNZU1RFTSBCQUNLVVAiLCJuYW1laWQiOiIzOTFlNTVjZC01Mjg3LTRlMjMtOWM4ZC00ZDY5MTc5NDRkMTJAMWMxNzc3MGUtYTI2OS00NTE3LWIyOTYtYzcxZTg0MTk2NDU0Iiwicm9sZXMiOiJhbGxzaXRlcy5yZWFkIGFsbHNpdGVzLndyaXRlIGFsbHNpdGVzLm1hbmFnZSBhbGxmaWxlcy53cml0ZSBhbGxmaWxlcy5yZWFkIiwidHQiOiIxIiwiaXBhZGRyIjoiMjAuMTkwLjE5MC4zMiJ9.s3duxVwJd_0Zxrcg6FImA_9LOAp8fxzUcLBIHBIzEQ4&ApiVersion=2.0',82076721),('0167YEQWGWMJLVR3QULRCILJXKCESXBXNJ','0167YEQWAJ7PZMFVVG4JFYHI5534FBGDPA','crims_live_2023-04-27_220001.sql.7z','2023-04-27 19:10:08','https://cihebkenyaorg.sharepoint.com/sites/HealthInformatics-SYSTEMBACKUP/Shared%20Documents/SYSTEM%20BACKUP/EVENT%20MANAGER/CRIMS/BACKUP/crims_live_2023-04-27_220001.sql.7z','https://cihebkenyaorg.sharepoint.com/sites/HealthInformatics-SYSTEMBACKUP/_layouts/15/download.aspx?UniqueId=585762d6-14ee-445c-85a6-ea112570dda9&Translate=false&tempauth=eyJ0eXAiOiJKV1QiLCJhbGciOiJIUzI1NiJ9.eyJhdWQiOiIwMDAwMDAwMy0wMDAwLTBmZjEtY2UwMC0wMDAwMDAwMDAwMDAvY2loZWJrZW55YW9yZy5zaGFyZXBvaW50LmNvbUAxYzE3NzcwZS1hMjY5LTQ1MTctYjI5Ni1jNzFlODQxOTY0NTQiLCJpc3MiOiIwMDAwMDAwMy0wMDAwLTBmZjEtY2UwMC0wMDAwMDAwMDAwMDAiLCJuYmYiOiIxNjg1OTU4NTQ2IiwiZXhwIjoiMTY4NTk2MjE0NiIsImVuZHBvaW50dXJsIjoiclh3SnJjZFBPMVJoL011VHQ0WWp0TVgzMWJ3WnZiNWN0NDNlS242SXFzdz0iLCJlbmRwb2ludHVybExlbmd0aCI6IjE2MSIsImlzbG9vcGJhY2siOiJUcnVlIiwiY2lkIjoiak9ubWluMWF0a1dOaGpSQ0ZNTmNQUT09IiwidmVyIjoiaGFzaGVkcHJvb2Z0b2tlbiIsInNpdGVpZCI6IlptRTVaakZqWkRNdE5UTmpZeTAwWVRreUxUZzFOMkV0TldWbFptWmlZVEE0TnpSaSIsImFwcF9kaXNwbGF5bmFtZSI6IlNZU1RFTSBCQUNLVVAiLCJuYW1laWQiOiIzOTFlNTVjZC01Mjg3LTRlMjMtOWM4ZC00ZDY5MTc5NDRkMTJAMWMxNzc3MGUtYTI2OS00NTE3LWIyOTYtYzcxZTg0MTk2NDU0Iiwicm9sZXMiOiJhbGxzaXRlcy5yZWFkIGFsbHNpdGVzLndyaXRlIGFsbHNpdGVzLm1hbmFnZSBhbGxmaWxlcy53cml0ZSBhbGxmaWxlcy5yZWFkIiwidHQiOiIxIiwiaXBhZGRyIjoiMjAuMTkwLjE5MC4zMiJ9.sbQUgpbEL0apjh4ry3Gx5fHpzd88CP3Gu26l1Rjaz_k&ApiVersion=2.0',106673656),('0167YEQWGYP7GQZLSOPFHL7EMYHUX6WQJ7','0167YEQWBWKTCQ5YLVIFCYTDJ73DEVDWKM','openmrs_2023-05-18_140003.sql.gz','2023-05-18 11:26:31','https://cihebkenyaorg.sharepoint.com/sites/HealthInformatics-SYSTEMBACKUP/Shared%20Documents/SYSTEM%20BACKUP/EVENT%20MANAGER/CONNECT/KenyaEMR/EASTLEIGH_HC/openmrs_2023-05-18_140003.sql.gz','https://cihebkenyaorg.sharepoint.com/sites/HealthInformatics-SYSTEMBACKUP/_layouts/15/download.aspx?UniqueId=0ccd7fd8-4eae-4e79-bf91-983d2feb413f&Translate=false&tempauth=eyJ0eXAiOiJKV1QiLCJhbGciOiJIUzI1NiJ9.eyJhdWQiOiIwMDAwMDAwMy0wMDAwLTBmZjEtY2UwMC0wMDAwMDAwMDAwMDAvY2loZWJrZW55YW9yZy5zaGFyZXBvaW50LmNvbUAxYzE3NzcwZS1hMjY5LTQ1MTctYjI5Ni1jNzFlODQxOTY0NTQiLCJpc3MiOiIwMDAwMDAwMy0wMDAwLTBmZjEtY2UwMC0wMDAwMDAwMDAwMDAiLCJuYmYiOiIxNjg1OTU4NTM2IiwiZXhwIjoiMTY4NTk2MjEzNiIsImVuZHBvaW50dXJsIjoiR0pwZDcxcjRId1ZOZVZ6RTdjVFJXdWRFR0lvRnBKbklTdUdDUytNZkdGVT0iLCJlbmRwb2ludHVybExlbmd0aCI6IjE2MSIsImlzbG9vcGJhY2siOiJUcnVlIiwiY2lkIjoiSno1WXFDTkRGVTZibjFOR0xOZ0Qrdz09IiwidmVyIjoiaGFzaGVkcHJvb2Z0b2tlbiIsInNpdGVpZCI6IlptRTVaakZqWkRNdE5UTmpZeTAwWVRreUxUZzFOMkV0TldWbFptWmlZVEE0TnpSaSIsImFwcF9kaXNwbGF5bmFtZSI6IlNZU1RFTSBCQUNLVVAiLCJuYW1laWQiOiIzOTFlNTVjZC01Mjg3LTRlMjMtOWM4ZC00ZDY5MTc5NDRkMTJAMWMxNzc3MGUtYTI2OS00NTE3LWIyOTYtYzcxZTg0MTk2NDU0Iiwicm9sZXMiOiJhbGxzaXRlcy5yZWFkIGFsbHNpdGVzLndyaXRlIGFsbHNpdGVzLm1hbmFnZSBhbGxmaWxlcy53cml0ZSBhbGxmaWxlcy5yZWFkIiwidHQiOiIxIiwiaXBhZGRyIjoiMjAuMTkwLjE5MC4zMiJ9.Q1ZDxBxY7nhZHLdjNuflyu6eCrIp1m3lNXz14CI7AiQ&ApiVersion=2.0',58600699),('0167YEQWH4KJGWZISTKJFK5VOKRCDHSBCE','0167YEQWC32NUYASTCWREYKXIJHDRGC2OI','openmrs_2023-04-20_150002.sql.gz','2023-04-20 12:02:00','https://cihebkenyaorg.sharepoint.com/sites/HealthInformatics-SYSTEMBACKUP/Shared%20Documents/SYSTEM%20BACKUP/EVENT%20MANAGER/CONNECT/KenyaEMR/BABADOGO_HC/openmrs_2023-04-20_150002.sql.gz','https://cihebkenyaorg.sharepoint.com/sites/HealthInformatics-SYSTEMBACKUP/_layouts/15/download.aspx?UniqueId=6c4d52fc-53a2-4a52-aed5-ca8886790444&Translate=false&tempauth=eyJ0eXAiOiJKV1QiLCJhbGciOiJIUzI1NiJ9.eyJhdWQiOiIwMDAwMDAwMy0wMDAwLTBmZjEtY2UwMC0wMDAwMDAwMDAwMDAvY2loZWJrZW55YW9yZy5zaGFyZXBvaW50LmNvbUAxYzE3NzcwZS1hMjY5LTQ1MTctYjI5Ni1jNzFlODQxOTY0NTQiLCJpc3MiOiIwMDAwMDAwMy0wMDAwLTBmZjEtY2UwMC0wMDAwMDAwMDAwMDAiLCJuYmYiOiIxNjg1OTU4NTQzIiwiZXhwIjoiMTY4NTk2MjE0MyIsImVuZHBvaW50dXJsIjoiNUtwOXpSQXNRRjNudW8xZk1rYmN2cXdGSUhpcTNZTjJhaFpLb2NCSjBQOD0iLCJlbmRwb2ludHVybExlbmd0aCI6IjE2MSIsImlzbG9vcGJhY2siOiJUcnVlIiwiY2lkIjoiaDhmZWUvQnRiVTJ6QTk1NzZnSUlpQT09IiwidmVyIjoiaGFzaGVkcHJvb2Z0b2tlbiIsInNpdGVpZCI6IlptRTVaakZqWkRNdE5UTmpZeTAwWVRreUxUZzFOMkV0TldWbFptWmlZVEE0TnpSaSIsImFwcF9kaXNwbGF5bmFtZSI6IlNZU1RFTSBCQUNLVVAiLCJuYW1laWQiOiIzOTFlNTVjZC01Mjg3LTRlMjMtOWM4ZC00ZDY5MTc5NDRkMTJAMWMxNzc3MGUtYTI2OS00NTE3LWIyOTYtYzcxZTg0MTk2NDU0Iiwicm9sZXMiOiJhbGxzaXRlcy5yZWFkIGFsbHNpdGVzLndyaXRlIGFsbHNpdGVzLm1hbmFnZSBhbGxmaWxlcy53cml0ZSBhbGxmaWxlcy5yZWFkIiwidHQiOiIxIiwiaXBhZGRyIjoiMjAuMTkwLjE5MC4zMiJ9.jjY9FOvgut6fxXoHI4JGwf5-U94Ny6nGwLjZ3SJV6hI&ApiVersion=2.0',102607725),('0167YEQWH6TACGOUY5KFB2HOR42SF5V2F7','0167YEQWC32NUYASTCWREYKXIJHDRGC2OI','openmrs_2023-05-18_150002.sql.gz','2023-05-18 12:02:03','https://cihebkenyaorg.sharepoint.com/sites/HealthInformatics-SYSTEMBACKUP/Shared%20Documents/SYSTEM%20BACKUP/EVENT%20MANAGER/CONNECT/KenyaEMR/BABADOGO_HC/openmrs_2023-05-18_150002.sql.gz','https://cihebkenyaorg.sharepoint.com/sites/HealthInformatics-SYSTEMBACKUP/_layouts/15/download.aspx?UniqueId=670498fe-1d53-4351-a3ba-3cd48bdae8bf&Translate=false&tempauth=eyJ0eXAiOiJKV1QiLCJhbGciOiJIUzI1NiJ9.eyJhdWQiOiIwMDAwMDAwMy0wMDAwLTBmZjEtY2UwMC0wMDAwMDAwMDAwMDAvY2loZWJrZW55YW9yZy5zaGFyZXBvaW50LmNvbUAxYzE3NzcwZS1hMjY5LTQ1MTctYjI5Ni1jNzFlODQxOTY0NTQiLCJpc3MiOiIwMDAwMDAwMy0wMDAwLTBmZjEtY2UwMC0wMDAwMDAwMDAwMDAiLCJuYmYiOiIxNjg1OTU4NTQzIiwiZXhwIjoiMTY4NTk2MjE0MyIsImVuZHBvaW50dXJsIjoidWRqWGdwN1hqTkYwMFd0TEV6OSs3VHZEbEVXZmNrUjYzRnBmamZZYW5GTT0iLCJlbmRwb2ludHVybExlbmd0aCI6IjE2MSIsImlzbG9vcGJhY2siOiJUcnVlIiwiY2lkIjoiaDhmZWUvQnRiVTJ6QTk1NzZnSUlpQT09IiwidmVyIjoiaGFzaGVkcHJvb2Z0b2tlbiIsInNpdGVpZCI6IlptRTVaakZqWkRNdE5UTmpZeTAwWVRreUxUZzFOMkV0TldWbFptWmlZVEE0TnpSaSIsImFwcF9kaXNwbGF5bmFtZSI6IlNZU1RFTSBCQUNLVVAiLCJuYW1laWQiOiIzOTFlNTVjZC01Mjg3LTRlMjMtOWM4ZC00ZDY5MTc5NDRkMTJAMWMxNzc3MGUtYTI2OS00NTE3LWIyOTYtYzcxZTg0MTk2NDU0Iiwicm9sZXMiOiJhbGxzaXRlcy5yZWFkIGFsbHNpdGVzLndyaXRlIGFsbHNpdGVzLm1hbmFnZSBhbGxmaWxlcy53cml0ZSBhbGxmaWxlcy5yZWFkIiwidHQiOiIxIiwiaXBhZGRyIjoiMjAuMTkwLjE5MC4zMiJ9.sPZjOxd7wZBKeAlX6qGDsGiHJ0kNbz_EtIfaYrglEYg&ApiVersion=2.0',107136783),('0167YEQWHBOFJFB76D6NB3Y62N63WTXOZM','0167YEQWC32NUYASTCWREYKXIJHDRGC2OI','openmrs_2023-05-21_150003.sql.gz','2023-05-21 12:02:05','https://cihebkenyaorg.sharepoint.com/sites/HealthInformatics-SYSTEMBACKUP/Shared%20Documents/SYSTEM%20BACKUP/EVENT%20MANAGER/CONNECT/KenyaEMR/BABADOGO_HC/openmrs_2023-05-21_150003.sql.gz','https://cihebkenyaorg.sharepoint.com/sites/HealthInformatics-SYSTEMBACKUP/_layouts/15/download.aspx?UniqueId=505271e1-c3ff-43f3-bc7b-4df6ed3bbb2c&Translate=false&tempauth=eyJ0eXAiOiJKV1QiLCJhbGciOiJIUzI1NiJ9.eyJhdWQiOiIwMDAwMDAwMy0wMDAwLTBmZjEtY2UwMC0wMDAwMDAwMDAwMDAvY2loZWJrZW55YW9yZy5zaGFyZXBvaW50LmNvbUAxYzE3NzcwZS1hMjY5LTQ1MTctYjI5Ni1jNzFlODQxOTY0NTQiLCJpc3MiOiIwMDAwMDAwMy0wMDAwLTBmZjEtY2UwMC0wMDAwMDAwMDAwMDAiLCJuYmYiOiIxNjg1OTU4NTQzIiwiZXhwIjoiMTY4NTk2MjE0MyIsImVuZHBvaW50dXJsIjoickxZeWtQczZNTHJRSE9oYjFXMHRnVHdPMjRwNXQzbThEYmZoMjhoS2NyYz0iLCJlbmRwb2ludHVybExlbmd0aCI6IjE2MSIsImlzbG9vcGJhY2siOiJUcnVlIiwiY2lkIjoiaDhmZWUvQnRiVTJ6QTk1NzZnSUlpQT09IiwidmVyIjoiaGFzaGVkcHJvb2Z0b2tlbiIsInNpdGVpZCI6IlptRTVaakZqWkRNdE5UTmpZeTAwWVRreUxUZzFOMkV0TldWbFptWmlZVEE0TnpSaSIsImFwcF9kaXNwbGF5bmFtZSI6IlNZU1RFTSBCQUNLVVAiLCJuYW1laWQiOiIzOTFlNTVjZC01Mjg3LTRlMjMtOWM4ZC00ZDY5MTc5NDRkMTJAMWMxNzc3MGUtYTI2OS00NTE3LWIyOTYtYzcxZTg0MTk2NDU0Iiwicm9sZXMiOiJhbGxzaXRlcy5yZWFkIGFsbHNpdGVzLndyaXRlIGFsbHNpdGVzLm1hbmFnZSBhbGxmaWxlcy53cml0ZSBhbGxmaWxlcy5yZWFkIiwidHQiOiIxIiwiaXBhZGRyIjoiMjAuMTkwLjE5MC4zMiJ9.T2D6z9ehgB0gGihONY4axTSsbkXVZyZuQoch6z3197Y&ApiVersion=2.0',107767771),('0167YEQWHDURV7NMOGOBHYMA7LFMKBURP4','0167YEQWBN4VQWC5CSFZHJMHCSYEDUUVW2','openmrs_2023-05-29_150001.sql.gz','2023-05-29 12:07:18','https://cihebkenyaorg.sharepoint.com/sites/HealthInformatics-SYSTEMBACKUP/Shared%20Documents/SYSTEM%20BACKUP/EVENT%20MANAGER/CONNECT/KenyaEMR/DANDORA_HC/openmrs_2023-05-29_150001.sql.gz','https://cihebkenyaorg.sharepoint.com/sites/HealthInformatics-SYSTEMBACKUP/_layouts/15/download.aspx?UniqueId=f66ba4e3-c6b1-4f70-8603-eb2b141a45fc&Translate=false&tempauth=eyJ0eXAiOiJKV1QiLCJhbGciOiJIUzI1NiJ9.eyJhdWQiOiIwMDAwMDAwMy0wMDAwLTBmZjEtY2UwMC0wMDAwMDAwMDAwMDAvY2loZWJrZW55YW9yZy5zaGFyZXBvaW50LmNvbUAxYzE3NzcwZS1hMjY5LTQ1MTctYjI5Ni1jNzFlODQxOTY0NTQiLCJpc3MiOiIwMDAwMDAwMy0wMDAwLTBmZjEtY2UwMC0wMDAwMDAwMDAwMDAiLCJuYmYiOiIxNjg1OTU4NTI3IiwiZXhwIjoiMTY4NTk2MjEyNyIsImVuZHBvaW50dXJsIjoidHlxbGdoTVlVRFRHUitnUyt6LzBESXJZTTVVRnpsVGN4ZVZacVhNMVpFaz0iLCJlbmRwb2ludHVybExlbmd0aCI6IjE2MSIsImlzbG9vcGJhY2siOiJUcnVlIiwiY2lkIjoiN3dEcVFELzNqRWlqQm9ob1g5OGlPQT09IiwidmVyIjoiaGFzaGVkcHJvb2Z0b2tlbiIsInNpdGVpZCI6IlptRTVaakZqWkRNdE5UTmpZeTAwWVRreUxUZzFOMkV0TldWbFptWmlZVEE0TnpSaSIsImFwcF9kaXNwbGF5bmFtZSI6IlNZU1RFTSBCQUNLVVAiLCJuYW1laWQiOiIzOTFlNTVjZC01Mjg3LTRlMjMtOWM4ZC00ZDY5MTc5NDRkMTJAMWMxNzc3MGUtYTI2OS00NTE3LWIyOTYtYzcxZTg0MTk2NDU0Iiwicm9sZXMiOiJhbGxzaXRlcy5yZWFkIGFsbHNpdGVzLndyaXRlIGFsbHNpdGVzLm1hbmFnZSBhbGxmaWxlcy53cml0ZSBhbGxmaWxlcy5yZWFkIiwidHQiOiIxIiwiaXBhZGRyIjoiMjAuMTkwLjE5MC4zMiJ9.ev4VIBKEG2SPWrp_77WMMDuBh4KCI1--sWoUxu3AUGI&ApiVersion=2.0',81837897),('0167YEQWHL4PJI24EURRAZPNEOVFTHXFDX','0167YEQWBWKTCQ5YLVIFCYTDJ73DEVDWKM','openmrs_2023-04-23_140001.sql.gz','2023-04-23 11:26:45','https://cihebkenyaorg.sharepoint.com/sites/HealthInformatics-SYSTEMBACKUP/Shared%20Documents/SYSTEM%20BACKUP/EVENT%20MANAGER/CONNECT/KenyaEMR/EASTLEIGH_HC/openmrs_2023-04-23_140001.sql.gz','https://cihebkenyaorg.sharepoint.com/sites/HealthInformatics-SYSTEMBACKUP/_layouts/15/download.aspx?UniqueId=8dd2e3eb-9470-418c-97b4-8ea9667b9477&Translate=false&tempauth=eyJ0eXAiOiJKV1QiLCJhbGciOiJIUzI1NiJ9.eyJhdWQiOiIwMDAwMDAwMy0wMDAwLTBmZjEtY2UwMC0wMDAwMDAwMDAwMDAvY2loZWJrZW55YW9yZy5zaGFyZXBvaW50LmNvbUAxYzE3NzcwZS1hMjY5LTQ1MTctYjI5Ni1jNzFlODQxOTY0NTQiLCJpc3MiOiIwMDAwMDAwMy0wMDAwLTBmZjEtY2UwMC0wMDAwMDAwMDAwMDAiLCJuYmYiOiIxNjg1OTU4NTM2IiwiZXhwIjoiMTY4NTk2MjEzNiIsImVuZHBvaW50dXJsIjoidnM4SURaU2dxeXZ3SmFRZm5Hd1VhaWxoVWlENjRrYktWRTM1OXExR04vdz0iLCJlbmRwb2ludHVybExlbmd0aCI6IjE2MSIsImlzbG9vcGJhY2siOiJUcnVlIiwiY2lkIjoiSno1WXFDTkRGVTZibjFOR0xOZ0Qrdz09IiwidmVyIjoiaGFzaGVkcHJvb2Z0b2tlbiIsInNpdGVpZCI6IlptRTVaakZqWkRNdE5UTmpZeTAwWVRreUxUZzFOMkV0TldWbFptWmlZVEE0TnpSaSIsImFwcF9kaXNwbGF5bmFtZSI6IlNZU1RFTSBCQUNLVVAiLCJuYW1laWQiOiIzOTFlNTVjZC01Mjg3LTRlMjMtOWM4ZC00ZDY5MTc5NDRkMTJAMWMxNzc3MGUtYTI2OS00NTE3LWIyOTYtYzcxZTg0MTk2NDU0Iiwicm9sZXMiOiJhbGxzaXRlcy5yZWFkIGFsbHNpdGVzLndyaXRlIGFsbHNpdGVzLm1hbmFnZSBhbGxmaWxlcy53cml0ZSBhbGxmaWxlcy5yZWFkIiwidHQiOiIxIiwiaXBhZGRyIjoiMjAuMTkwLjE5MC4zMiJ9.0IjP485gmK--J4q95E2RZDDCdt4yFGi2kDtvUh7xdeI&ApiVersion=2.0',57407743),('0167YEQWHN4ON34QYDYFELMKGFVGWXQTCB','0167YEQWC32NUYASTCWREYKXIJHDRGC2OI','openmrs_2023-05-16_150003.sql.gz','2023-05-16 12:01:54','https://cihebkenyaorg.sharepoint.com/sites/HealthInformatics-SYSTEMBACKUP/Shared%20Documents/SYSTEM%20BACKUP/EVENT%20MANAGER/CONNECT/KenyaEMR/BABADOGO_HC/openmrs_2023-05-16_150003.sql.gz','https://cihebkenyaorg.sharepoint.com/sites/HealthInformatics-SYSTEMBACKUP/_layouts/15/download.aspx?UniqueId=be9be3ed-0343-48c1-b628-c5a9ad784c41&Translate=false&tempauth=eyJ0eXAiOiJKV1QiLCJhbGciOiJIUzI1NiJ9.eyJhdWQiOiIwMDAwMDAwMy0wMDAwLTBmZjEtY2UwMC0wMDAwMDAwMDAwMDAvY2loZWJrZW55YW9yZy5zaGFyZXBvaW50LmNvbUAxYzE3NzcwZS1hMjY5LTQ1MTctYjI5Ni1jNzFlODQxOTY0NTQiLCJpc3MiOiIwMDAwMDAwMy0wMDAwLTBmZjEtY2UwMC0wMDAwMDAwMDAwMDAiLCJuYmYiOiIxNjg1OTU4NTQzIiwiZXhwIjoiMTY4NTk2MjE0MyIsImVuZHBvaW50dXJsIjoidS83VlFMcXNrdnlTR1Y4aGkwekdoSGptbVpLbEJLUkQwSzE3TjRzWUZvST0iLCJlbmRwb2ludHVybExlbmd0aCI6IjE2MSIsImlzbG9vcGJhY2siOiJUcnVlIiwiY2lkIjoiaDhmZWUvQnRiVTJ6QTk1NzZnSUlpQT09IiwidmVyIjoiaGFzaGVkcHJvb2Z0b2tlbiIsInNpdGVpZCI6IlptRTVaakZqWkRNdE5UTmpZeTAwWVRreUxUZzFOMkV0TldWbFptWmlZVEE0TnpSaSIsImFwcF9kaXNwbGF5bmFtZSI6IlNZU1RFTSBCQUNLVVAiLCJuYW1laWQiOiIzOTFlNTVjZC01Mjg3LTRlMjMtOWM4ZC00ZDY5MTc5NDRkMTJAMWMxNzc3MGUtYTI2OS00NTE3LWIyOTYtYzcxZTg0MTk2NDU0Iiwicm9sZXMiOiJhbGxzaXRlcy5yZWFkIGFsbHNpdGVzLndyaXRlIGFsbHNpdGVzLm1hbmFnZSBhbGxmaWxlcy53cml0ZSBhbGxmaWxlcy5yZWFkIiwidHQiOiIxIiwiaXBhZGRyIjoiMjAuMTkwLjE5MC4zMiJ9.LXBqgMSOC8eyinBdWnydMcU62Py1C5dZX0NdUJBD59o&ApiVersion=2.0',106567156),('0167YEQWHTDTNQRA7WGVGJGMV7IAQ4RXLO','0167YEQWAJ7PZMFVVG4JFYHI5534FBGDPA','crims_live_2023-05-01_220001.sql.7z','2023-05-01 19:22:03','https://cihebkenyaorg.sharepoint.com/sites/HealthInformatics-SYSTEMBACKUP/Shared%20Documents/SYSTEM%20BACKUP/EVENT%20MANAGER/CRIMS/BACKUP/crims_live_2023-05-01_220001.sql.7z','https://cihebkenyaorg.sharepoint.com/sites/HealthInformatics-SYSTEMBACKUP/_layouts/15/download.aspx?UniqueId=08db1cf3-f683-4c35-9332-bf4021c8dd6e&Translate=false&tempauth=eyJ0eXAiOiJKV1QiLCJhbGciOiJIUzI1NiJ9.eyJhdWQiOiIwMDAwMDAwMy0wMDAwLTBmZjEtY2UwMC0wMDAwMDAwMDAwMDAvY2loZWJrZW55YW9yZy5zaGFyZXBvaW50LmNvbUAxYzE3NzcwZS1hMjY5LTQ1MTctYjI5Ni1jNzFlODQxOTY0NTQiLCJpc3MiOiIwMDAwMDAwMy0wMDAwLTBmZjEtY2UwMC0wMDAwMDAwMDAwMDAiLCJuYmYiOiIxNjg1OTU4NTQ2IiwiZXhwIjoiMTY4NTk2MjE0NiIsImVuZHBvaW50dXJsIjoiTjg4cWdhQkUzV3RVOHlQckFhSkhvWW1QaTJGaklzL1FMTzl6Zmk4SDZpcz0iLCJlbmRwb2ludHVybExlbmd0aCI6IjE2MSIsImlzbG9vcGJhY2siOiJUcnVlIiwiY2lkIjoiak9ubWluMWF0a1dOaGpSQ0ZNTmNQUT09IiwidmVyIjoiaGFzaGVkcHJvb2Z0b2tlbiIsInNpdGVpZCI6IlptRTVaakZqWkRNdE5UTmpZeTAwWVRreUxUZzFOMkV0TldWbFptWmlZVEE0TnpSaSIsImFwcF9kaXNwbGF5bmFtZSI6IlNZU1RFTSBCQUNLVVAiLCJuYW1laWQiOiIzOTFlNTVjZC01Mjg3LTRlMjMtOWM4ZC00ZDY5MTc5NDRkMTJAMWMxNzc3MGUtYTI2OS00NTE3LWIyOTYtYzcxZTg0MTk2NDU0Iiwicm9sZXMiOiJhbGxzaXRlcy5yZWFkIGFsbHNpdGVzLndyaXRlIGFsbHNpdGVzLm1hbmFnZSBhbGxmaWxlcy53cml0ZSBhbGxmaWxlcy5yZWFkIiwidHQiOiIxIiwiaXBhZGRyIjoiMjAuMTkwLjE5MC4zMiJ9.Q9rN-RqYyCtqnlA6oLurZYT7j-3MPt3gsWLlpc88fas&ApiVersion=2.0',259959446),('0167YEQWHVA5XQ4IJWNFALTELZ34DQ2L3Q','0167YEQWAJ7PZMFVVG4JFYHI5534FBGDPA','crims_live_2023-05-03_220001.sql.7z','2023-05-03 19:22:45','https://cihebkenyaorg.sharepoint.com/sites/HealthInformatics-SYSTEMBACKUP/Shared%20Documents/SYSTEM%20BACKUP/EVENT%20MANAGER/CRIMS/BACKUP/crims_live_2023-05-03_220001.sql.7z','https://cihebkenyaorg.sharepoint.com/sites/HealthInformatics-SYSTEMBACKUP/_layouts/15/download.aspx?UniqueId=0e6f07f5-3621-4069-b991-79df070d2f70&Translate=false&tempauth=eyJ0eXAiOiJKV1QiLCJhbGciOiJIUzI1NiJ9.eyJhdWQiOiIwMDAwMDAwMy0wMDAwLTBmZjEtY2UwMC0wMDAwMDAwMDAwMDAvY2loZWJrZW55YW9yZy5zaGFyZXBvaW50LmNvbUAxYzE3NzcwZS1hMjY5LTQ1MTctYjI5Ni1jNzFlODQxOTY0NTQiLCJpc3MiOiIwMDAwMDAwMy0wMDAwLTBmZjEtY2UwMC0wMDAwMDAwMDAwMDAiLCJuYmYiOiIxNjg1OTU4NTQ2IiwiZXhwIjoiMTY4NTk2MjE0NiIsImVuZHBvaW50dXJsIjoia3prKzlWZGcyd3grUm92VVk0TDFXZjEzajVETkJnQ3lBaklsbjJXSks1ND0iLCJlbmRwb2ludHVybExlbmd0aCI6IjE2MSIsImlzbG9vcGJhY2siOiJUcnVlIiwiY2lkIjoiak9ubWluMWF0a1dOaGpSQ0ZNTmNQUT09IiwidmVyIjoiaGFzaGVkcHJvb2Z0b2tlbiIsInNpdGVpZCI6IlptRTVaakZqWkRNdE5UTmpZeTAwWVRreUxUZzFOMkV0TldWbFptWmlZVEE0TnpSaSIsImFwcF9kaXNwbGF5bmFtZSI6IlNZU1RFTSBCQUNLVVAiLCJuYW1laWQiOiIzOTFlNTVjZC01Mjg3LTRlMjMtOWM4ZC00ZDY5MTc5NDRkMTJAMWMxNzc3MGUtYTI2OS00NTE3LWIyOTYtYzcxZTg0MTk2NDU0Iiwicm9sZXMiOiJhbGxzaXRlcy5yZWFkIGFsbHNpdGVzLndyaXRlIGFsbHNpdGVzLm1hbmFnZSBhbGxmaWxlcy53cml0ZSBhbGxmaWxlcy5yZWFkIiwidHQiOiIxIiwiaXBhZGRyIjoiMjAuMTkwLjE5MC4zMiJ9.WlrzpvlZK2GwwQUIlrTe0sdhDpLFgKRlUMjUxkpNhXw&ApiVersion=2.0',260566362),('0167YEQWHVCLF3QW7LCFGZK6DAEMPPG2X7','0167YEQWC32NUYASTCWREYKXIJHDRGC2OI','openmrs_2023-05-10_150008.sql.gz','2023-05-10 12:03:00','https://cihebkenyaorg.sharepoint.com/sites/HealthInformatics-SYSTEMBACKUP/Shared%20Documents/SYSTEM%20BACKUP/EVENT%20MANAGER/CONNECT/KenyaEMR/BABADOGO_HC/openmrs_2023-05-10_150008.sql.gz','https://cihebkenyaorg.sharepoint.com/sites/HealthInformatics-SYSTEMBACKUP/_layouts/15/download.aspx?UniqueId=b8cb12f5-eb5b-4d11-9578-60231ef36aff&Translate=false&tempauth=eyJ0eXAiOiJKV1QiLCJhbGciOiJIUzI1NiJ9.eyJhdWQiOiIwMDAwMDAwMy0wMDAwLTBmZjEtY2UwMC0wMDAwMDAwMDAwMDAvY2loZWJrZW55YW9yZy5zaGFyZXBvaW50LmNvbUAxYzE3NzcwZS1hMjY5LTQ1MTctYjI5Ni1jNzFlODQxOTY0NTQiLCJpc3MiOiIwMDAwMDAwMy0wMDAwLTBmZjEtY2UwMC0wMDAwMDAwMDAwMDAiLCJuYmYiOiIxNjg1OTU4NTQzIiwiZXhwIjoiMTY4NTk2MjE0MyIsImVuZHBvaW50dXJsIjoiSHZob0NFeTU1UGw2SXhNc01VcE1qdXUxNFJBbkFmdE9vV2RqM2FlVlliRT0iLCJlbmRwb2ludHVybExlbmd0aCI6IjE2MSIsImlzbG9vcGJhY2siOiJUcnVlIiwiY2lkIjoiaDhmZWUvQnRiVTJ6QTk1NzZnSUlpQT09IiwidmVyIjoiaGFzaGVkcHJvb2Z0b2tlbiIsInNpdGVpZCI6IlptRTVaakZqWkRNdE5UTmpZeTAwWVRreUxUZzFOMkV0TldWbFptWmlZVEE0TnpSaSIsImFwcF9kaXNwbGF5bmFtZSI6IlNZU1RFTSBCQUNLVVAiLCJuYW1laWQiOiIzOTFlNTVjZC01Mjg3LTRlMjMtOWM4ZC00ZDY5MTc5NDRkMTJAMWMxNzc3MGUtYTI2OS00NTE3LWIyOTYtYzcxZTg0MTk2NDU0Iiwicm9sZXMiOiJhbGxzaXRlcy5yZWFkIGFsbHNpdGVzLndyaXRlIGFsbHNpdGVzLm1hbmFnZSBhbGxmaWxlcy53cml0ZSBhbGxmaWxlcy5yZWFkIiwidHQiOiIxIiwiaXBhZGRyIjoiMjAuMTkwLjE5MC4zMiJ9.lAaFILqpBNpnXEHPuKV2CQX6ptTQkyqTK_ruGfYtrM0&ApiVersion=2.0',105164144),('0167YEQWHVZJUOV3W3FZEYXS6M77MUKP6Y','0167YEQWC32NUYASTCWREYKXIJHDRGC2OI','openmrs_2023-06-04_150001.sql.gz','2023-06-04 12:02:08','https://cihebkenyaorg.sharepoint.com/sites/HealthInformatics-SYSTEMBACKUP/Shared%20Documents/SYSTEM%20BACKUP/EVENT%20MANAGER/CONNECT/KenyaEMR/BABADOGO_HC/openmrs_2023-06-04_150001.sql.gz','https://cihebkenyaorg.sharepoint.com/sites/HealthInformatics-SYSTEMBACKUP/_layouts/15/download.aspx?UniqueId=ea68caf5-dbee-492e-8bcb-ccffd9453fd8&Translate=false&tempauth=eyJ0eXAiOiJKV1QiLCJhbGciOiJIUzI1NiJ9.eyJhdWQiOiIwMDAwMDAwMy0wMDAwLTBmZjEtY2UwMC0wMDAwMDAwMDAwMDAvY2loZWJrZW55YW9yZy5zaGFyZXBvaW50LmNvbUAxYzE3NzcwZS1hMjY5LTQ1MTctYjI5Ni1jNzFlODQxOTY0NTQiLCJpc3MiOiIwMDAwMDAwMy0wMDAwLTBmZjEtY2UwMC0wMDAwMDAwMDAwMDAiLCJuYmYiOiIxNjg1OTU4NTQzIiwiZXhwIjoiMTY4NTk2MjE0MyIsImVuZHBvaW50dXJsIjoibVRIT3d2Z3NPYjlkN2tRSWZVOEVEdDhRWHF0UEs4NDBKay9KWFF1NnlSYz0iLCJlbmRwb2ludHVybExlbmd0aCI6IjE2MSIsImlzbG9vcGJhY2siOiJUcnVlIiwiY2lkIjoiaDhmZWUvQnRiVTJ6QTk1NzZnSUlpQT09IiwidmVyIjoiaGFzaGVkcHJvb2Z0b2tlbiIsInNpdGVpZCI6IlptRTVaakZqWkRNdE5UTmpZeTAwWVRreUxUZzFOMkV0TldWbFptWmlZVEE0TnpSaSIsImFwcF9kaXNwbGF5bmFtZSI6IlNZU1RFTSBCQUNLVVAiLCJuYW1laWQiOiIzOTFlNTVjZC01Mjg3LTRlMjMtOWM4ZC00ZDY5MTc5NDRkMTJAMWMxNzc3MGUtYTI2OS00NTE3LWIyOTYtYzcxZTg0MTk2NDU0Iiwicm9sZXMiOiJhbGxzaXRlcy5yZWFkIGFsbHNpdGVzLndyaXRlIGFsbHNpdGVzLm1hbmFnZSBhbGxmaWxlcy53cml0ZSBhbGxmaWxlcy5yZWFkIiwidHQiOiIxIiwiaXBhZGRyIjoiMjAuMTkwLjE5MC4zMiJ9.4584W67LVMIkEmgsnjnpd9CuIntQwonCgBqOFWupelQ&ApiVersion=2.0',110380644),('0167YEQWHY7IGXRAUGCZC2RABQEDFMTSQ4','0167YEQWBWKTCQ5YLVIFCYTDJ73DEVDWKM','openmrs_2023-05-15_140001.sql.gz','2023-05-15 11:26:47','https://cihebkenyaorg.sharepoint.com/sites/HealthInformatics-SYSTEMBACKUP/Shared%20Documents/SYSTEM%20BACKUP/EVENT%20MANAGER/CONNECT/KenyaEMR/EASTLEIGH_HC/openmrs_2023-05-15_140001.sql.gz','https://cihebkenyaorg.sharepoint.com/sites/HealthInformatics-SYSTEMBACKUP/_layouts/15/download.aspx?UniqueId=780dfaf8-8682-4516-a880-3020cac9ca1c&Translate=false&tempauth=eyJ0eXAiOiJKV1QiLCJhbGciOiJIUzI1NiJ9.eyJhdWQiOiIwMDAwMDAwMy0wMDAwLTBmZjEtY2UwMC0wMDAwMDAwMDAwMDAvY2loZWJrZW55YW9yZy5zaGFyZXBvaW50LmNvbUAxYzE3NzcwZS1hMjY5LTQ1MTctYjI5Ni1jNzFlODQxOTY0NTQiLCJpc3MiOiIwMDAwMDAwMy0wMDAwLTBmZjEtY2UwMC0wMDAwMDAwMDAwMDAiLCJuYmYiOiIxNjg1OTU4NTM2IiwiZXhwIjoiMTY4NTk2MjEzNiIsImVuZHBvaW50dXJsIjoiRytQK1lnVDZoYUdSMVZ6T2FZUzhNNDJqWDM1ekovTzgwSHo3NEJMQTMrOD0iLCJlbmRwb2ludHVybExlbmd0aCI6IjE2MSIsImlzbG9vcGJhY2siOiJUcnVlIiwiY2lkIjoiSno1WXFDTkRGVTZibjFOR0xOZ0Qrdz09IiwidmVyIjoiaGFzaGVkcHJvb2Z0b2tlbiIsInNpdGVpZCI6IlptRTVaakZqWkRNdE5UTmpZeTAwWVRreUxUZzFOMkV0TldWbFptWmlZVEE0TnpSaSIsImFwcF9kaXNwbGF5bmFtZSI6IlNZU1RFTSBCQUNLVVAiLCJuYW1laWQiOiIzOTFlNTVjZC01Mjg3LTRlMjMtOWM4ZC00ZDY5MTc5NDRkMTJAMWMxNzc3MGUtYTI2OS00NTE3LWIyOTYtYzcxZTg0MTk2NDU0Iiwicm9sZXMiOiJhbGxzaXRlcy5yZWFkIGFsbHNpdGVzLndyaXRlIGFsbHNpdGVzLm1hbmFnZSBhbGxmaWxlcy53cml0ZSBhbGxmaWxlcy5yZWFkIiwidHQiOiIxIiwiaXBhZGRyIjoiMjAuMTkwLjE5MC4zMiJ9.m_zZapbut8MZB-YxgGFyQ93L8sfBgPJC64gP8z3u93k&ApiVersion=2.0',58478926);
/*!40000 ALTER TABLE `drive_files` ENABLE KEYS */;
UNLOCK TABLES;

--
-- Table structure for table `otps`
--

DROP TABLE IF EXISTS `otps`;
/*!40101 SET @saved_cs_client     = @@character_set_client */;
/*!50503 SET character_set_client = utf8mb4 */;
CREATE TABLE `otps` (
  `id` int NOT NULL AUTO_INCREMENT,
  `user_id` int NOT NULL,
  `code` int NOT NULL,
  `is_used` tinyint NOT NULL DEFAULT '0',
  `expires_at` timestamp NULL DEFAULT NULL,
  PRIMARY KEY (`id`),
  KEY `fk_otp_user` (`user_id`),
  CONSTRAINT `fk_otp_user` FOREIGN KEY (`user_id`) REFERENCES `users` (`id`) ON DELETE CASCADE ON UPDATE CASCADE
) ENGINE=InnoDB AUTO_INCREMENT=32 DEFAULT CHARSET=utf8mb4 COLLATE=utf8mb4_general_ci;
/*!40101 SET character_set_client = @saved_cs_client */;

--
-- Dumping data for table `otps`
--

LOCK TABLES `otps` WRITE;
/*!40000 ALTER TABLE `otps` DISABLE KEYS */;
INSERT INTO `otps` VALUES (1,1,8619,0,'2023-05-05 11:49:47'),(2,1,2810,0,'2023-05-08 05:03:10'),(3,1,4754,1,'2023-05-08 05:35:09'),(4,1,4075,0,'2023-05-08 08:54:48'),(5,1,5166,0,'2023-05-08 09:33:40'),(6,1,8469,1,'2023-05-08 09:40:36'),(7,1,7442,0,'2023-05-12 06:00:36'),(8,1,1041,0,'2023-05-16 14:00:05'),(9,1,3532,0,'2023-05-22 06:39:02'),(10,1,8087,0,'2023-05-22 06:45:21'),(11,1,7268,1,'2023-05-22 07:37:59'),(12,1,7046,0,'2023-05-22 08:42:15'),(13,1,4763,0,'2023-05-22 08:47:38'),(14,1,2370,1,'2023-05-22 11:24:57'),(15,4,6943,1,'2023-05-22 11:27:45'),(16,1,4312,1,'2023-05-22 11:55:56'),(17,1,9003,1,'2023-05-31 04:55:41'),(18,1,4081,1,'2023-05-31 09:15:34'),(19,1,7865,0,'2023-06-05 09:26:24'),(20,1,8223,0,'2023-06-06 05:46:46'),(21,1,9065,1,'2023-06-06 05:55:03'),(22,1,2310,1,'2023-06-06 07:32:20'),(23,1,7463,0,'2023-06-06 09:11:36'),(24,1,5185,1,'2023-06-06 12:32:43'),(25,1,6013,1,'2023-06-06 13:23:12'),(26,1,9316,1,'2023-06-07 13:04:37'),(27,1,8339,1,'2023-06-07 13:40:14'),(28,1,8641,1,'2023-06-08 05:48:14'),(29,1,9901,1,'2023-06-14 07:11:48'),(30,1,2690,1,'2023-06-14 10:55:17'),(31,1,1220,1,'2023-06-14 11:45:51');
/*!40000 ALTER TABLE `otps` ENABLE KEYS */;
UNLOCK TABLES;

--
-- Table structure for table `systems`
--

DROP TABLE IF EXISTS `systems`;
/*!40101 SET @saved_cs_client     = @@character_set_client */;
/*!50503 SET character_set_client = utf8mb4 */;
CREATE TABLE `systems` (
  `id` int NOT NULL AUTO_INCREMENT,
  `name` varchar(190) CHARACTER SET utf8mb4 COLLATE utf8mb4_general_ci NOT NULL DEFAULT '',
  `folder_id` varchar(100) COLLATE utf8mb4_general_ci NOT NULL DEFAULT '',
  `created_at` timestamp NULL DEFAULT CURRENT_TIMESTAMP,
  `updated_at` timestamp NULL DEFAULT NULL,
  PRIMARY KEY (`id`),
  UNIQUE KEY `unique_folder_id` (`folder_id`),
  KEY `Index _name` (`name`) USING BTREE
) ENGINE=InnoDB AUTO_INCREMENT=8 DEFAULT CHARSET=utf8mb4 COLLATE=utf8mb4_general_ci;
/*!40101 SET character_set_client = @saved_cs_client */;

--
-- Dumping data for table `systems`
--

LOCK TABLES `systems` WRITE;
/*!40000 ALTER TABLE `systems` DISABLE KEYS */;
INSERT INTO `systems` VALUES (1,'Dandora 1 Health Centre','0167YEQWBN4VQWC5CSFZHJMHCSYEDUUVW2','2023-05-05 10:57:55','2023-06-07 13:39:34'),(3,'BHESP-Roysambu','0167YEQWBHMXJPKZT7YZFJQAI76PHKJ6D7','2023-05-08 09:56:22','2023-05-08 09:57:42'),(4,'EastLeigh Health Centre','0167YEQWBWKTCQ5YLVIFCYTDJ73DEVDWKM','2023-05-08 09:58:59','2023-05-08 09:58:58'),(5,'Babadogo HC EMR','0167YEQWC32NUYASTCWREYKXIJHDRGC2OI','2023-05-12 13:33:37','2023-05-12 13:33:37'),(6,'CRIMS','0167YEQWAJ7PZMFVVG4JFYHI5534FBGDPA','2023-05-18 07:38:20','2023-05-18 07:38:20'),(7,'Event Management','0167YEQWGV67CV3DO54FDY6ALGFKXNSC4X','2023-06-14 10:52:50','2023-06-14 10:52:50');
/*!40000 ALTER TABLE `systems` ENABLE KEYS */;
UNLOCK TABLES;

--
-- Table structure for table `uploads`
--

DROP TABLE IF EXISTS `uploads`;
/*!40101 SET @saved_cs_client     = @@character_set_client */;
/*!50503 SET character_set_client = utf8mb4 */;
CREATE TABLE `uploads` (
  `id` int NOT NULL AUTO_INCREMENT,
  `system_id` int NOT NULL,
  `file_name` varchar(200) NOT NULL DEFAULT '',
  `created_by` int NOT NULL,
  `uploaded_to_sharepoint` tinyint NOT NULL DEFAULT '0',
  `upload_error` varchar(199) DEFAULT '',
  `created_at` timestamp NOT NULL DEFAULT CURRENT_TIMESTAMP,
  `updated_at` timestamp NOT NULL,
  PRIMARY KEY (`id`),
  KEY `fk_upload_user` (`created_by`),
  KEY `fk_upload_system` (`system_id`),
  CONSTRAINT `fk_upload_system` FOREIGN KEY (`system_id`) REFERENCES `systems` (`id`) ON DELETE CASCADE ON UPDATE CASCADE,
  CONSTRAINT `fk_upload_user` FOREIGN KEY (`created_by`) REFERENCES `users` (`id`) ON DELETE RESTRICT ON UPDATE CASCADE
) ENGINE=InnoDB AUTO_INCREMENT=11 DEFAULT CHARSET=utf8mb4 COLLATE=utf8mb4_general_ci;
/*!40101 SET character_set_client = @saved_cs_client */;

--
-- Dumping data for table `uploads`
--

LOCK TABLES `uploads` WRITE;
/*!40000 ALTER TABLE `uploads` DISABLE KEYS */;
INSERT INTO `uploads` VALUES (1,4,'nimeconfirmplus_2023-03-15_113001.sql',1,1,'','2023-05-10 12:17:24','2023-05-12 08:58:56'),(2,3,'nimeconfirmplus_2023-03-15_113001.sql.gz',1,1,'','2023-05-12 12:29:44','2023-06-06 09:10:16'),(3,6,'crims_live_2023-05-03_220001.sql.7z',1,1,'','2023-05-19 10:48:51','2023-06-06 09:12:29'),(6,1,'5thsep2022adherence_monitoring_backup_1686056124.zip',1,1,'','2023-06-06 12:55:24','2023-06-06 12:57:05'),(9,3,'3_node-v18.12.1-linux-x64.tar.xz',1,1,'','2023-06-08 06:39:26','2023-06-14 11:38:22'),(10,6,'6_crims_live_2023-05-21_220002.sql.7z',1,0,'IO error during request payload read.','2023-06-14 11:42:28','2023-06-14 12:02:25');
/*!40000 ALTER TABLE `uploads` ENABLE KEYS */;
UNLOCK TABLES;

--
-- Table structure for table `users`
--

DROP TABLE IF EXISTS `users`;
/*!40101 SET @saved_cs_client     = @@character_set_client */;
/*!50503 SET character_set_client = utf8mb4 */;
CREATE TABLE `users` (
  `id` int NOT NULL AUTO_INCREMENT,
  `email` varchar(100) CHARACTER SET utf8mb4 COLLATE utf8mb4_general_ci NOT NULL,
  `access_level` varchar(50) COLLATE utf8mb4_general_ci NOT NULL,
  `phone_number` char(50) CHARACTER SET utf8mb4 COLLATE utf8mb4_general_ci NOT NULL DEFAULT '0',
  `first_name` varchar(100) CHARACTER SET utf8mb4 COLLATE utf8mb4_general_ci NOT NULL,
  `last_name` varchar(100) CHARACTER SET utf8mb4 COLLATE utf8mb4_general_ci NOT NULL,
  `middle_name` varchar(100) CHARACTER SET utf8mb4 COLLATE utf8mb4_general_ci NOT NULL,
  `active` tinyint NOT NULL DEFAULT '1',
  `system_ids` text COLLATE utf8mb4_general_ci,
  `last_login` timestamp NULL DEFAULT NULL,
  `created_at` timestamp NULL DEFAULT CURRENT_TIMESTAMP,
  `updated_at` timestamp NULL DEFAULT NULL,
  PRIMARY KEY (`id`),
  UNIQUE KEY `index_email` (`email`) USING BTREE
) ENGINE=InnoDB AUTO_INCREMENT=15 DEFAULT CHARSET=utf8mb4 COLLATE=utf8mb4_general_ci;
/*!40101 SET character_set_client = @saved_cs_client */;

--
-- Dumping data for table `users`
--

LOCK TABLES `users` WRITE;
/*!40000 ALTER TABLE `users` DISABLE KEYS */;
INSERT INTO `users` VALUES (1,'kimjose693@gmail.com','Program','0717845485','Joseph','Kimani','N',1,'1,2,3','2023-06-13 23:41:16','2023-05-05 10:38:30','2023-06-14 11:41:16'),(4,'jnkimani693@gmail.com','Facility','0717845485','Joseph','Kimani','Ngima',1,'4','2023-05-21 23:26:29','2023-05-16 13:49:52','2023-05-22 11:26:29'),(10,'jnkimani694@gmail.com','Facility','0717845485','Joseph','Kimani','Ngima',1,'3,5',NULL,'2023-05-31 09:18:39','2023-05-31 09:18:39'),(11,'jnkimani695@gmail.com','Program','0717845485','Joseph','Kimani','Ngima',1,'',NULL,'2023-05-31 09:21:33','2023-05-31 09:21:33');
/*!40000 ALTER TABLE `users` ENABLE KEYS */;
UNLOCK TABLES;
/*!40103 SET TIME_ZONE=@OLD_TIME_ZONE */;

/*!40101 SET SQL_MODE=@OLD_SQL_MODE */;
/*!40014 SET FOREIGN_KEY_CHECKS=@OLD_FOREIGN_KEY_CHECKS */;
/*!40014 SET UNIQUE_CHECKS=@OLD_UNIQUE_CHECKS */;
/*!40101 SET CHARACTER_SET_CLIENT=@OLD_CHARACTER_SET_CLIENT */;
/*!40101 SET CHARACTER_SET_RESULTS=@OLD_CHARACTER_SET_RESULTS */;
/*!40101 SET COLLATION_CONNECTION=@OLD_COLLATION_CONNECTION */;
/*!40111 SET SQL_NOTES=@OLD_SQL_NOTES */;

-- Dump completed on 2023-06-14 15:09:34
